181433.0,4220.34228515625,-7105.2646484375,37.20000076293945,382935.625,4688398.5
181434.0,4220.3427734375,-7105.2646484375,37.20000076293945,382935.625,4688399.0
181435.0,4220.3427734375,-7105.2646484375,37.20000076293945,382935.625,4688399.0
181436.0,4220.3427734375,-7105.2646484375,37.20000076293945,382935.21875,4688399.0
181437.0,4220.34326171875,-7105.26416015625,37.20000076293945,382936.1875,4688399.5
181438.0,4220.34326171875,-7105.26318359375,37.099998474121094,382937.6875,4688400.0
181439.0,4220.34326171875,-7105.2626953125,37.099998474121094,382938.375,4688400.0
181440.0,4220.34326171875,-7105.26220703125,37.0,382938.8125,4688400.5
181441.0,4220.34326171875,-7105.26171875,37.0,382939.21875,4688400.5
181442.0,4220.34326171875,-7105.26171875,37.0,382939.625,4688400.5
181443.0,4220.34326171875,-7105.26123046875,37.0,382940.03125,4688400.0
181444.0,4220.34326171875,-7105.26123046875,36.900001525878906,382940.4375,4688400.0
181445.0,4220.34326171875,-7105.2607421875,36.79999923706055,382941.125,4688400.0
181446.0,4220.34326171875,-7105.26025390625,36.599998474121094,382941.6875,4688400.0
181447.0,4220.34326171875,-7105.259765625,36.5,382941.96875,4688400.5
181448.0,4220.34375,-7105.259765625,36.29999923706055,382941.96875,4688401.0
181449.0,4220.34375,-7105.259765625,36.099998474121094,382942.09375,4688401.0
181450.0,4220.34423828125,-7105.259765625,36.0,382942.25,4688401.5
181451.0,4220.34423828125,-7105.25927734375,35.900001525878906,382942.6875,4688402.0
181452.0,4220.3447265625,-7105.2587890625,35.70000076293945,382943.375,4688402.5
181453.0,4220.3447265625,-7105.25830078125,35.599998474121094,382944.0625,4688402.5
181454.0,4220.3447265625,-7105.25830078125,35.5,382944.34375,4688402.5
181455.0,4220.3447265625,-7105.25732421875,35.400001525878906,382945.4375,4688403.0
181456.0,4220.34521484375,-7105.25732421875,35.20000076293945,382945.84375,4688403.0
181457.0,4220.34521484375,-7105.2568359375,35.099998474121094,382946.0,4688403.0
181458.0,4220.34521484375,-7105.2568359375,35.0,382946.0,4688403.5
181459.0,4220.34521484375,-7105.25634765625,34.900001525878906,382946.6875,4688403.5
181500.0,4220.34521484375,-7105.255859375,34.70000076293945,382947.21875,4688403.5
181501.0,4220.3447265625,-7105.255859375,34.599998474121094,382947.5,4688403.0
181502.0,4220.3447265625,-7105.25537109375,34.400001525878906,382947.90625,4688403.0
181503.0,4220.3447265625,-7105.25537109375,34.20000076293945,382948.03125,4688403.0
181504.0,4220.3447265625,-7105.25537109375,34.099998474121094,382948.1875,4688403.0
181505.0,4220.3447265625,-7105.255859375,33.900001525878906,382947.78125,4688402.5
181506.0,4220.3447265625,-7105.255859375,33.70000076293945,382947.78125,4688402.5
181507.0,4220.3447265625,-7105.255859375,33.599998474121094,382947.78125,4688402.5
181508.0,4220.3447265625,-7105.25537109375,33.70000076293945,382947.90625,4688402.5
181509.0,4220.34423828125,-7105.25537109375,33.70000076293945,382948.4375,4688402.0
181510.0,4220.34423828125,-7105.25537109375,33.70000076293945,382948.4375,4688401.5
181511.0,4220.34423828125,-7105.25537109375,33.79999923706055,382948.4375,4688401.5
181512.0,4220.34423828125,-7105.25537109375,33.79999923706055,382948.4375,4688402.0
181513.0,4220.34423828125,-7105.25537109375,33.79999923706055,382948.15625,4688401.0
181514.0,4220.34423828125,-7105.255859375,33.70000076293945,382947.59375,4688401.0
181515.0,4220.34375,-7105.255859375,33.70000076293945,382947.75,4688401.0
181516.0,4220.34423828125,-7105.255859375,33.599998474121094,382947.1875,4688401.5
181517.0,4220.34423828125,-7105.255859375,33.5,382947.46875,4688401.5
181518.0,4220.34423828125,-7105.25537109375,33.400001525878906,382947.875,4688402.0
181519.0,4220.34423828125,-7105.2548828125,33.400001525878906,382948.71875,4688401.5
181520.0,4220.34423828125,-7105.25439453125,33.099998474121094,382949.40625,4688401.5
181521.0,4220.34423828125,-7105.25439453125,32.900001525878906,382949.65625,4688401.5
181522.0,4220.34423828125,-7105.25390625,32.599998474121094,382949.9375,4688402.0
181523.0,4220.34423828125,-7105.25390625,32.400001525878906,382950.375,4688402.0
181524.0,4220.34423828125,-7105.25341796875,32.29999923706055,382950.78125,4688402.0
181525.0,4220.34423828125,-7105.25341796875,32.20000076293945,382951.0625,4688402.0
181526.0,4220.34423828125,-7105.2529296875,32.099998474121094,382951.46875,4688401.5
181527.0,4220.34423828125,-7105.2529296875,32.0,382951.875,4688401.5
181528.0,4220.34423828125,-7105.25244140625,32.0,382952.0,4688401.5
181529.0,4220.34423828125,-7105.25244140625,31.799999237060547,382952.0,4688401.0
181530.0,4220.34375,-7105.25244140625,31.799999237060547,382952.0,4688401.0
181531.0,4220.34375,-7105.2529296875,31.799999237060547,382951.84375,4688400.5
181532.0,4220.34326171875,-7105.2529296875,31.799999237060547,382951.84375,4688400.0
181533.0,4220.34326171875,-7105.2529296875,31.799999237060547,382951.84375,4688400.0
181534.0,4220.34375,-7105.2529296875,31.700000762939453,382951.5625,4688400.5
181535.0,4220.34326171875,-7105.2529296875,31.5,382951.4375,4688400.0
181536.0,4220.34375,-7105.2529296875,31.399999618530273,382951.3125,4688401.0
181537.0,4220.34375,-7105.25341796875,31.399999618530273,382951.15625,4688401.0
181538.0,4220.34375,-7105.25341796875,31.399999618530273,382951.03125,4688401.0
181539.0,4220.34423828125,-7105.25341796875,31.299999237060547,382951.03125,4688401.0
181540.0,4220.34423828125,-7105.2529296875,31.299999237060547,382951.3125,4688401.5
181541.0,4220.3447265625,-7105.25341796875,31.200000762939453,382951.1875,4688402.0
181542.0,4220.3447265625,-7105.2529296875,31.200000762939453,382951.34375,4688402.5
181543.0,4220.3447265625,-7105.25341796875,31.200000762939453,382951.1875,4688402.5
181544.0,4220.34521484375,-7105.25341796875,31.299999237060547,382951.21875,4688403.5
181545.0,4220.345703125,-7105.25341796875,31.399999618530273,382950.96875,4688404.5
181546.0,4220.34619140625,-7105.25341796875,31.600000381469727,382950.84375,4688405.5
181547.0,4220.34619140625,-7105.25341796875,31.899999618530273,382950.6875,4688405.5
181548.0,4220.3466796875,-7105.25390625,32.099998474121094,382950.28125,4688406.0
181549.0,4220.3466796875,-7105.25439453125,32.400001525878906,382949.875,4688406.0
181550.0,4220.3466796875,-7105.25439453125,32.70000076293945,382949.875,4688406.0
181551.0,4220.34716796875,-7105.25390625,33.099998474121094,382950.59375,4688407.5
181552.0,4220.34765625,-7105.25341796875,33.400001525878906,382950.71875,4688407.5
181553.0,4220.34765625,-7105.25341796875,33.70000076293945,382950.71875,4688407.5
181554.0,4220.34814453125,-7105.25390625,33.79999923706055,382950.625,4688408.5
181555.0,4220.34814453125,-7105.25390625,34.099998474121094,382950.46875,4688409.0
181556.0,4220.3486328125,-7105.25390625,34.29999923706055,382950.5,4688410.0
181557.0,4220.34912109375,-7105.25390625,34.400001525878906,382950.375,4688410.5
181558.0,4220.3486328125,-7105.25390625,34.5,382950.5,4688410.0
181559.0,4220.34912109375,-7105.25390625,34.5,382950.21875,4688410.0
181600.0,4220.3486328125,-7105.25390625,34.5,382950.21875,4688410.0
181601.0,4220.3486328125,-7105.25390625,34.400001525878906,382950.5,4688409.5
181602.0,4220.34814453125,-7105.25390625,34.400001525878906,382950.625,4688409.0
181603.0,4220.34814453125,-7105.25390625,34.5,382950.625,4688408.5
181604.0,4220.34765625,-7105.25341796875,34.599998474121094,382950.75,4688408.0
181605.0,4220.34765625,-7105.25341796875,34.79999923706055,382951.0,4688407.5
181606.0,4220.34716796875,-7105.25341796875,34.900001525878906,382950.84375,4688407.0
181607.0,4220.3466796875,-7105.25390625,35.099998474121094,382950.15625,4688406.0
181608.0,4220.34619140625,-7105.25390625,35.20000076293945,382950.0,4688405.0
181609.0,4220.34619140625,-7105.25439453125,35.5,382949.46875,4688405.0
181610.0,4220.345703125,-7105.2548828125,35.5,382949.15625,4688404.5
181611.0,4220.345703125,-7105.25439453125,35.599998474121094,382949.875,4688404.5
181612.0,4220.345703125,-7105.25390625,35.599998474121094,382950.40625,4688404.5
181613.0,4220.34521484375,-7105.25341796875,35.70000076293945,382950.8125,4688403.5
181614.0,4220.3447265625,-7105.25341796875,35.79999923706055,382951.0625,4688402.5
181615.0,4220.34423828125,-7105.25341796875,35.900001525878906,382951.1875,4688401.0
181616.0,4220.34326171875,-7105.2529296875,36.0,382951.5625,4688399.5
181617.0,4220.34228515625,-7105.25244140625,36.0,382951.9375,4688398.0
181618.0,4220.34130859375,-7105.25244140625,36.099998474121094,382952.0625,4688396.5
181619.0,4220.3408203125,-7105.25244140625,36.20000076293945,382952.1875,4688395.5
181620.0,4220.3408203125,-7105.251953125,36.29999923706055,382952.59375,4688395.0
181621.0,4220.34033203125,-7105.251953125,36.5,382952.84375,4688394.5
181622.0,4220.33984375,-7105.25146484375,36.599998474121094,382953.09375,4688393.0
181623.0,4220.3388671875,-7105.2509765625,36.70000076293945,382954.03125,4688392.0
181624.0,4220.3388671875,-7105.2509765625,36.79999923706055,382954.3125,4688392.0
181625.0,4220.3388671875,-7105.25048828125,36.900001525878906,382954.71875,4688391.5
181626.0,4220.33837890625,-7105.25,37.0,382955.25,4688390.5
181627.0,4220.33837890625,-7105.24951171875,37.099998474121094,382955.9375,4688390.5
181628.0,4220.33740234375,-7105.24951171875,37.20000076293945,382955.90625,4688389.0
181629.0,4220.33740234375,-7105.24951171875,37.400001525878906,382956.3125,4688388.5
181630.0,4220.3369140625,-7105.2490234375,37.5,382956.71875,4688388.0
181631.0,4220.3369140625,-7105.2490234375,37.599998474121094,382957.0,4688387.5
181632.0,4220.33642578125,-7105.24853515625,37.599998474121094,382957.25,4688387.0
181633.0,4220.3359375,-7105.24853515625,37.79999923706055,382957.09375,4688386.0
181634.0,4220.33544921875,-7105.24853515625,37.900001525878906,382957.09375,4688385.0
181635.0,4220.3349609375,-7105.24853515625,38.099998474121094,382957.0625,4688384.0
181636.0,4220.3349609375,-7105.2490234375,38.29999923706055,382956.53125,4688384.0
181637.0,4220.3349609375,-7105.24951171875,38.5,382955.96875,4688384.0
181638.0,4220.33447265625,-7105.25,38.599998474121094,382955.5625,4688383.5
181639.0,4220.333984375,-7105.25,38.79999923706055,382955.25,4688382.5
181640.0,4220.33349609375,-7105.25,38.900001525878906,382954.96875,4688381.5
181641.0,4220.33349609375,-7105.25048828125,39.0,382954.28125,4688381.5
181642.0,4220.3330078125,-7105.2509765625,39.20000076293945,382953.71875,4688380.5
181643.0,4220.33251953125,-7105.25146484375,39.400001525878906,382953.15625,4688380.0
181644.0,4220.33251953125,-7105.251953125,39.599998474121094,382952.75,4688379.5
181645.0,4220.33251953125,-7105.25244140625,39.70000076293945,382951.90625,4688380.0
181646.0,4220.33203125,-7105.2529296875,39.900001525878906,382951.09375,4688379.0
181647.0,4220.33203125,-7105.25341796875,39.900001525878906,382950.375,4688379.0
181648.0,4220.33154296875,-7105.25390625,40.0,382949.96875,4688378.5
181649.0,4220.3310546875,-7105.25390625,40.0,382949.9375,4688377.5
181650.0,4220.3310546875,-7105.25439453125,40.099998474121094,382949.0,4688377.5
181651.0,4220.33056640625,-7105.2548828125,40.20000076293945,382948.28125,4688376.5
181652.0,4220.33056640625,-7105.255859375,40.29999923706055,382947.3125,4688376.5
181653.0,4220.3310546875,-7105.25634765625,40.400001525878906,382946.25,4688377.0
181654.0,4220.33056640625,-7105.25732421875,40.5,382945.28125,4688376.5
181655.0,4220.33154296875,-7105.2587890625,40.599998474121094,382943.375,4688378.0
181656.0,4220.3310546875,-7105.259765625,40.400001525878906,382941.71875,4688377.0
181657.0,4220.33056640625,-7105.26123046875,40.20000076293945,382939.78125,4688377.0
181658.0,4220.3310546875,-7105.26220703125,40.0,382938.6875,4688377.5
181659.0,4220.3310546875,-7105.26220703125,39.900001525878906,382938.40625,4688377.5
181700.0,4220.3310546875,-7105.26220703125,39.79999923706055,382938.5625,4688377.5
181701.0,4220.33154296875,-7105.26220703125,39.79999923706055,382938.6875,4688378.0
181702.0,4220.33203125,-7105.26171875,39.70000076293945,382939.125,4688379.0
181703.0,4220.33251953125,-7105.26171875,39.599998474121094,382939.0,4688379.5
181704.0,4220.3330078125,-7105.26171875,39.599998474121094,382939.3125,4688381.0
181705.0,4220.33349609375,-7105.26171875,39.5,382939.46875,4688382.5
181706.0,4220.333984375,-7105.26123046875,39.5,382939.75,4688383.0
181707.0,4220.33447265625,-7105.26123046875,39.400001525878906,382939.90625,4688383.5
181708.0,4220.33447265625,-7105.26123046875,39.29999923706055,382940.1875,4688384.0
181709.0,4220.33447265625,-7105.2607421875,39.20000076293945,382940.71875,4688384.0
181710.0,4220.33447265625,-7105.259765625,39.099998474121094,382941.6875,4688383.5
181711.0,4220.33447265625,-7105.25927734375,39.0,382942.375,4688383.5
181712.0,4220.33447265625,-7105.2587890625,38.900001525878906,382942.90625,4688384.0
181713.0,4220.3349609375,-7105.25830078125,38.900001525878906,382943.625,4688384.0
181714.0,4220.3349609375,-7105.2578125,39.0,382944.4375,4688384.5
181715.0,4220.3349609375,-7105.2578125,39.099998474121094,382944.71875,4688385.0
181716.0,4220.33544921875,-7105.25732421875,39.20000076293945,382945.28125,4688385.5
181717.0,4220.3359375,-7105.25732421875,39.29999923706055,382945.4375,4688386.0
181718.0,4220.3359375,-7105.25732421875,39.29999923706055,382945.3125,4688386.5
181719.0,4220.33642578125,-7105.2568359375,39.400001525878906,382945.84375,4688387.0
181720.0,4220.3359375,-7105.25634765625,39.5,382946.8125,4688386.5
181721.0,4220.3359375,-7105.25537109375,39.5,382947.625,4688386.5
181722.0,4220.3359375,-7105.2548828125,39.599998474121094,382948.4375,4688386.0
181723.0,4220.33544921875,-7105.2548828125,39.70000076293945,382948.71875,4688385.5
181724.0,4220.33544921875,-7105.25439453125,39.900001525878906,382949.40625,4688385.5
181725.0,4220.33544921875,-7105.25390625,40.099998474121094,382950.21875,4688385.0
181726.0,4220.33447265625,-7105.2529296875,40.20000076293945,382951.03125,4688384.0
181727.0,4220.333984375,-7105.2529296875,40.29999923706055,382951.40625,4688383.0
181728.0,4220.33349609375,-7105.25244140625,40.400001525878906,382951.8125,4688382.0
181729.0,4220.3330078125,-7105.2529296875,40.5,382951.375,4688381.0
181730.0,4220.3330078125,-7105.2529296875,40.599998474121094,382951.375,4688381.0
181731.0,4220.3330078125,-7105.25244140625,40.70000076293945,382952.0625,4688381.0
181732.0,4220.3330078125,-7105.251953125,40.79999923706055,382952.46875,4688380.5
181733.0,4220.33251953125,-7105.251953125,40.900001525878906,382952.75,4688380.0
181734.0,4220.33251953125,-7105.25146484375,41.0,382953.28125,4688379.5
181735.0,4220.33203125,-7105.2509765625,41.20000076293945,382954.09375,4688379.0
181736.0,4220.33203125,-7105.25048828125,41.400001525878906,382954.25,4688379.0
181737.0,4220.33203125,-7105.25048828125,41.5,382954.375,4688379.0
181738.0,4220.33203125,-7105.25,41.70000076293945,382954.90625,4688378.5
181739.0,4220.33203125,-7105.25,41.79999923706055,382955.34375,4688378.5
181740.0,4220.33154296875,-7105.2490234375,41.900001525878906,382956.28125,4688378.0
181741.0,4220.33154296875,-7105.24853515625,41.900001525878906,382957.25,4688377.5
181742.0,4220.3310546875,-7105.24755859375,42.0,382958.46875,4688377.5
181743.0,4220.33154296875,-7105.24658203125,42.0,382959.5625,4688377.5
181744.0,4220.3310546875,-7105.24560546875,42.0,382961.0625,4688376.5
181745.0,4220.33056640625,-7105.24462890625,42.099998474121094,382962.4375,4688376.0
181746.0,4220.330078125,-7105.24365234375,42.099998474121094,382963.78125,4688375.0
181747.0,4220.32958984375,-7105.24267578125,42.099998474121094,382965.40625,4688374.0
181748.0,4220.3291015625,-7105.24169921875,42.20000076293945,382966.375,4688373.0
181749.0,4220.32861328125,-7105.24169921875,42.099998474121094,382966.625,4688372.5
181750.0,4220.32861328125,-7105.24169921875,42.29999923706055,382966.5,4688372.5
181751.0,4220.32861328125,-7105.24169921875,42.400001525878906,382966.34375,4688372.5
181752.0,4220.32861328125,-7105.24169921875,42.400001525878906,382966.46875,4688372.0
181753.0,4220.328125,-7105.2412109375,42.29999923706055,382967.03125,4688371.5
181754.0,4220.328125,-7105.2412109375,42.29999923706055,382967.03125,4688371.5
181755.0,4220.328125,-7105.2412109375,42.29999923706055,382966.875,4688371.5
181756.0,4220.328125,-7105.24169921875,42.400001525878906,382966.46875,4688371.5
181757.0,4220.328125,-7105.24169921875,42.5,382966.1875,4688371.5
181758.0,4220.32861328125,-7105.2421875,42.599998474121094,382965.9375,4688372.0
181759.0,4220.32861328125,-7105.2421875,42.599998474121094,382965.53125,4688372.5
181800.0,4220.32861328125,-7105.24267578125,42.599998474121094,382964.96875,4688372.5
181801.0,4220.32861328125,-7105.2431640625,42.599998474121094,382964.71875,4688373.0
181802.0,4220.3291015625,-7105.2431640625,42.5,382964.71875,4688373.0
181803.0,4220.3291015625,-7105.2431640625,42.400001525878906,382964.59375,4688373.5
181804.0,4220.32958984375,-7105.2431640625,42.400001525878906,382964.59375,4688374.5
181805.0,4220.330078125,-7105.2431640625,42.400001525878906,382964.59375,4688375.0
181806.0,4220.33056640625,-7105.2431640625,42.5,382964.5,4688376.0
181807.0,4220.33056640625,-7105.2431640625,42.79999923706055,382964.34375,4688376.0
181808.0,4220.33056640625,-7105.24365234375,43.0,382964.09375,4688376.5
181809.0,4220.3310546875,-7105.24365234375,43.400001525878906,382963.6875,4688377.0
181810.0,4220.3310546875,-7105.244140625,43.70000076293945,382963.53125,4688377.0
181811.0,4220.3310546875,-7105.244140625,44.099998474121094,382963.5625,4688377.0
181812.0,4220.33154296875,-7105.244140625,44.20000076293945,382963.15625,4688377.5
181813.0,4220.33203125,-7105.24462890625,44.400001525878906,382962.59375,4688378.5
181814.0,4220.33203125,-7105.2451171875,44.599998474121094,382961.78125,4688379.0
181815.0,4220.33251953125,-7105.24609375,44.79999923706055,382960.71875,4688380.0
181816.0,4220.3330078125,-7105.24609375,44.79999923706055,382960.4375,4688381.0
181817.0,4220.33349609375,-7105.24609375,44.70000076293945,382960.59375,4688381.5
181818.0,4220.33349609375,-7105.24609375,44.70000076293945,382960.75,4688382.0
181819.0,4220.333984375,-7105.24609375,44.599998474121094,382960.625,4688382.5
181820.0,4220.33447265625,-7105.24609375,44.5,382960.625,4688383.0
181821.0,4220.33447265625,-7105.24609375,44.400001525878906,382960.90625,4688383.5
181822.0,4220.3349609375,-7105.24560546875,44.400001525878906,382961.1875,4688384.0
181823.0,4220.3349609375,-7105.24560546875,44.29999923706055,382961.34375,4688384.5
181824.0,4220.33544921875,-7105.24609375,44.29999923706055,382960.9375,4688385.0
181825.0,4220.3359375,-7105.24609375,44.29999923706055,382960.40625,4688386.0
181826.0,4220.33642578125,-7105.24609375,44.29999923706055,382960.40625,4688386.5
181827.0,4220.3369140625,-7105.24609375,44.29999923706055,382960.5625,4688387.5
181828.0,4220.3369140625,-7105.24609375,44.29999923706055,382960.4375,4688388.0
181829.0,4220.33740234375,-7105.24658203125,44.400001525878906,382960.3125,4688388.5
181830.0,4220.33740234375,-7105.24658203125,44.29999923706055,382960.03125,4688389.0
181831.0,4220.337890625,-7105.24658203125,44.20000076293945,382960.1875,4688389.5
181832.0,4220.337890625,-7105.24658203125,44.099998474121094,382960.1875,4688389.5
181833.0,4220.337890625,-7105.24609375,44.0,382960.59375,4688390.0
181834.0,4220.337890625,-7105.24560546875,44.0,382961.15625,4688390.0
181835.0,4220.337890625,-7105.24560546875,43.900001525878906,382961.40625,4688389.5
181836.0,4220.33837890625,-7105.24560546875,43.599998474121094,382961.28125,4688390.5
181837.0,4220.33837890625,-7105.24560546875,43.599998474121094,382961.4375,4688391.0
181838.0,4220.3388671875,-7105.24560546875,43.5,382961.15625,4688391.0
181839.0,4220.33837890625,-7105.24609375,43.400001525878906,382960.46875,4688390.5
181840.0,4220.337890625,-7105.2470703125,43.20000076293945,382959.5,4688390.0
181841.0,4220.33837890625,-7105.2470703125,43.0,382959.09375,4688390.5
181842.0,4220.33837890625,-7105.24755859375,43.0,382958.8125,4688390.5
181843.0,4220.33837890625,-7105.24755859375,42.79999923706055,382958.5625,4688390.5
181844.0,4220.33837890625,-7105.248046875,42.70000076293945,382958.28125,4688390.5
181845.0,4220.33837890625,-7105.248046875,42.599998474121094,382957.875,4688390.5
181846.0,4220.33837890625,-7105.24853515625,42.599998474121094,382957.46875,4688391.0
181847.0,4220.33837890625,-7105.24853515625,42.400001525878906,382957.3125,4688390.5
181848.0,4220.33837890625,-7105.2490234375,42.29999923706055,382957.03125,4688390.5
181849.0,4220.33837890625,-7105.24853515625,42.400001525878906,382957.1875,4688390.5
181850.0,4220.33837890625,-7105.2490234375,42.29999923706055,382956.90625,4688390.5
181851.0,4220.33837890625,-7105.2490234375,42.400001525878906,382957.03125,4688391.0
181852.0,4220.3388671875,-7105.24853515625,42.400001525878906,382957.1875,4688391.0
181853.0,4220.3388671875,-7105.24853515625,42.400001525878906,382957.46875,4688391.0
181854.0,4220.3388671875,-7105.24853515625,42.5,382957.1875,4688391.5
181855.0,4220.3388671875,-7105.2490234375,42.599998474121094,382956.65625,4688391.5
181856.0,4220.3388671875,-7105.24951171875,42.5,382956.21875,4688391.5
181857.0,4220.3388671875,-7105.25,42.599998474121094,382955.6875,4688392.0
181858.0,4220.33935546875,-7105.25,42.599998474121094,382955.4375,4688392.5
181859.0,4220.33935546875,-7105.25,42.599998474121094,382955.15625,4688392.5
181900.0,4220.33935546875,-7105.25048828125,42.70000076293945,382954.875,4688393.0
181901.0,4220.33935546875,-7105.25048828125,42.79999923706055,382954.59375,4688393.0
181902.0,4220.33984375,-7105.2509765625,43.0,382954.0625,4688393.0
181903.0,4220.33984375,-7105.25146484375,43.099998474121094,382953.65625,4688393.5
181904.0,4220.33984375,-7105.25146484375,43.29999923706055,382953.125,4688393.5
181905.0,4220.34033203125,-7105.251953125,43.599998474121094,382952.96875,4688394.0
181906.0,4220.34033203125,-7105.251953125,43.79999923706055,382952.71875,4688394.0
181907.0,4220.34033203125,-7105.25244140625,44.0,382952.4375,4688394.0
181908.0,4220.33984375,-7105.25244140625,44.099998474121094,382952.15625,4688393.5
181909.0,4220.33984375,-7105.25244140625,44.20000076293945,382952.0,4688393.5
181910.0,4220.33984375,-7105.2529296875,44.400001525878906,382951.59375,4688393.0
181911.0,4220.33935546875,-7105.25341796875,44.599998474121094,382951.03125,4688392.5
181912.0,4220.3388671875,-7105.25390625,44.79999923706055,382950.34375,4688392.0
181913.0,4220.3388671875,-7105.25390625,44.900001525878906,382950.0625,4688391.5
181914.0,4220.33837890625,-7105.25390625,45.099998474121094,382950.03125,4688391.0
181915.0,4220.33837890625,-7105.25390625,45.20000076293945,382950.03125,4688391.0
181916.0,4220.33837890625,-7105.25390625,45.400001525878906,382950.3125,4688391.0
181917.0,4220.33837890625,-7105.25341796875,45.5,382950.875,4688391.0
181918.0,4220.337890625,-7105.2529296875,45.70000076293945,382951.125,4688390.0
181919.0,4220.337890625,-7105.25341796875,45.79999923706055,382950.84375,4688389.5
181920.0,4220.33740234375,-7105.25341796875,46.0,382950.4375,4688389.5
181921.0,4220.33740234375,-7105.25390625,46.20000076293945,382950.0,4688389.5
181922.0,4220.33740234375,-7105.25390625,46.29999923706055,382949.875,4688389.0
181923.0,4220.33740234375,-7105.25390625,46.400001525878906,382949.875,4688388.5
181924.0,4220.3369140625,-7105.25390625,46.5,382950.28125,4688388.5
181925.0,4220.3369140625,-7105.25341796875,46.599998474121094,382950.6875,4688388.0
181926.0,4220.3369140625,-7105.2529296875,46.70000076293945,382951.21875,4688388.0
181927.0,4220.3369140625,-7105.2529296875,46.70000076293945,382951.5,4688387.5
181928.0,4220.33642578125,-7105.2529296875,46.70000076293945,382951.34375,4688387.5
181929.0,4220.33642578125,-7105.2529296875,46.79999923706055,382951.21875,4688386.5
181930.0,4220.3359375,-7105.25341796875,46.70000076293945,382950.9375,4688386.5
181931.0,4220.3359375,-7105.25341796875,46.599998474121094,382950.65625,4688386.5
181932.0,4220.3359375,-7105.25341796875,46.70000076293945,382950.65625,4688386.0
181933.0,4220.3359375,-7105.25390625,46.79999923706055,382950.09375,4688386.0
181934.0,4220.3359375,-7105.25439453125,46.900001525878906,382949.5625,4688386.0
181935.0,4220.3359375,-7105.2548828125,47.0,382948.71875,4688386.0
181936.0,4220.3359375,-7105.25537109375,47.0,382948.1875,4688386.0
181937.0,4220.3359375,-7105.25537109375,47.0,382948.03125,4688386.5
181938.0,4220.33642578125,-7105.2548828125,47.099998474121094,382948.3125,4688387.0
181939.0,4220.33642578125,-7105.2548828125,47.0,382948.59375,4688387.0
181940.0,4220.33642578125,-7105.25439453125,47.099998474121094,382949.03125,4688387.0
181941.0,4220.33642578125,-7105.25439453125,47.29999923706055,382949.28125,4688387.5
181942.0,4220.3369140625,-7105.2548828125,47.400001525878906,382948.75,4688387.5
181943.0,4220.3369140625,-7105.25439453125,47.70000076293945,382949.3125,4688388.0
181944.0,4220.3369140625,-7105.2548828125,47.70000076293945,382948.90625,4688388.0
181945.0,4220.3369140625,-7105.25439453125,47.70000076293945,382949.03125,4688388.0
181946.0,4220.3369140625,-7105.25439453125,47.79999923706055,382949.15625,4688388.0
181947.0,4220.3369140625,-7105.2548828125,48.0,382948.75,4688388.0
181948.0,4220.3369140625,-7105.2548828125,48.099998474121094,382948.625,4688387.5
181949.0,4220.3369140625,-7105.2548828125,48.099998474121094,382948.625,4688388.0
181950.0,4220.3369140625,-7105.2548828125,48.099998474121094,382948.75,4688388.0
181951.0,4220.3369140625,-7105.2548828125,48.20000076293945,382948.5,4688388.5
181952.0,4220.33740234375,-7105.25537109375,48.20000076293945,382948.21875,4688388.5
181953.0,4220.33740234375,-7105.25537109375,48.099998474121094,382947.65625,4688388.5
181954.0,4220.33740234375,-7105.255859375,47.900001525878906,382947.25,4688389.0
181955.0,4220.33740234375,-7105.255859375,47.79999923706055,382947.0,4688389.5
181956.0,4220.337890625,-7105.25634765625,47.70000076293945,382946.875,4688390.0
181957.0,4220.337890625,-7105.25634765625,47.599998474121094,382946.46875,4688390.0
181958.0,4220.337890625,-7105.25634765625,47.400001525878906,382946.59375,4688389.5
181959.0,4220.33740234375,-7105.255859375,47.20000076293945,382947.0,4688389.5
182000.0,4220.33740234375,-7105.25634765625,46.900001525878906,382946.59375,4688389.5
182001.0,4220.337890625,-7105.25634765625,46.599998474121094,382946.59375,4688389.5
182002.0,4220.337890625,-7105.2568359375,46.400001525878906,382946.3125,4688390.0
182003.0,4220.337890625,-7105.2568359375,46.29999923706055,382946.1875,4688390.0
182004.0,4220.337890625,-7105.25732421875,46.29999923706055,382945.375,4688390.5
182005.0,4220.33837890625,-7105.2578125,46.20000076293945,382944.8125,4688390.5
182006.0,4220.337890625,-7105.2578125,46.20000076293945,382944.40625,4688390.5
182007.0,4220.33837890625,-7105.25830078125,46.20000076293945,382943.71875,4688390.5
182008.0,4220.33837890625,-7105.2587890625,46.20000076293945,382943.1875,4688391.0
182009.0,4220.33837890625,-7105.25927734375,46.099998474121094,382942.5,4688391.0
182010.0,4220.33837890625,-7105.259765625,45.900001525878906,382941.9375,4688391.0
182011.0,4220.33837890625,-7105.26025390625,45.79999923706055,382941.25,4688391.0
182012.0,4220.33837890625,-7105.2607421875,45.599998474121094,382940.84375,4688391.5
182013.0,4220.3388671875,-7105.2607421875,45.5,382940.59375,4688391.5
182014.0,4220.3388671875,-7105.2607421875,45.29999923706055,382940.5625,4688391.5
182015.0,4220.3388671875,-7105.2607421875,45.29999923706055,382940.59375,4688391.5
182016.0,4220.3388671875,-7105.2607421875,45.20000076293945,382940.4375,4688392.0
182017.0,4220.3388671875,-7105.26025390625,45.099998474121094,382941.25,4688391.5
182018.0,4220.33837890625,-7105.26025390625,44.900001525878906,382941.53125,4688391.5
182019.0,4220.33837890625,-7105.26025390625,44.70000076293945,382941.53125,4688391.0
182020.0,4220.33837890625,-7105.26025390625,44.599998474121094,382941.53125,4688391.0
182021.0,4220.33837890625,-7105.259765625,44.5,382941.8125,4688391.0
182022.0,4220.33837890625,-7105.259765625,44.29999923706055,382941.8125,4688391.5
182023.0,4220.33837890625,-7105.26025390625,44.099998474121094,382941.53125,4688391.5
182024.0,4220.3388671875,-7105.26025390625,43.79999923706055,382941.125,4688391.5
182025.0,4220.3388671875,-7105.26025390625,43.400001525878906,382941.25,4688391.5
182026.0,4220.33837890625,-7105.259765625,43.20000076293945,382942.0625,4688391.0
182027.0,4220.33837890625,-7105.259765625,43.0,382942.0625,4688391.0
182028.0,4220.33837890625,-7105.259765625,43.0,382941.9375,4688391.5
182029.0,4220.3388671875,-7105.259765625,42.900001525878906,382941.6875,4688392.0
182030.0,4220.33935546875,-7105.259765625,42.79999923706055,382941.96875,4688392.5
182031.0,4220.33935546875,-7105.259765625,42.599998474121094,382942.125,4688393.0
182032.0,4220.33984375,-7105.26025390625,42.400001525878906,382941.28125,4688393.0
182033.0,4220.33935546875,-7105.259765625,42.20000076293945,382941.84375,4688392.5
182034.0,4220.3388671875,-7105.25927734375,42.20000076293945,382942.375,4688392.0
182035.0,4220.3388671875,-7105.25927734375,42.099998474121094,382942.90625,4688392.0
182036.0,4220.33837890625,-7105.25830078125,42.099998474121094,382943.71875,4688391.5
182037.0,4220.33837890625,-7105.2578125,42.099998474121094,382944.40625,4688390.5
182038.0,4220.337890625,-7105.2578125,42.20000076293945,382944.9375,4688390.0
182039.0,4220.337890625,-7105.25732421875,42.20000076293945,382945.21875,4688390.0
182040.0,4220.337890625,-7105.25732421875,42.099998474121094,382945.09375,4688390.5
182041.0,4220.337890625,-7105.25732421875,41.900001525878906,382945.09375,4688390.0
182042.0,4220.337890625,-7105.2578125,41.70000076293945,382944.40625,4688390.5
182043.0,4220.33837890625,-7105.25830078125,41.5,382944.0,4688390.5
182044.0,4220.33837890625,-7105.2587890625,41.400001525878906,382943.59375,4688391.0
182045.0,4220.33837890625,-7105.2587890625,41.29999923706055,382943.03125,4688391.5
182046.0,4220.3388671875,-7105.25927734375,41.20000076293945,382942.78125,4688391.5
182047.0,4220.3388671875,-7105.25927734375,41.20000076293945,382942.65625,4688392.0
182048.0,4220.33935546875,-7105.259765625,41.20000076293945,382942.25,4688393.0
182049.0,4220.33984375,-7105.26025390625,41.099998474121094,382941.28125,4688393.5
182050.0,4220.34033203125,-7105.26123046875,41.20000076293945,382940.34375,4688394.5
182051.0,4220.34033203125,-7105.26171875,41.20000076293945,382939.65625,4688395.0
182052.0,4220.3408203125,-7105.26171875,41.20000076293945,382939.6875,4688395.0
182053.0,4220.34130859375,-7105.26171875,41.29999923706055,382939.40625,4688396.0
182054.0,4220.34130859375,-7105.26171875,41.29999923706055,382939.40625,4688396.5
182055.0,4220.34130859375,-7105.26171875,41.29999923706055,382939.15625,4688396.5
182056.0,4220.341796875,-7105.26220703125,41.29999923706055,382938.625,4688397.5
182057.0,4220.341796875,-7105.26220703125,41.29999923706055,382938.875,4688397.0
182058.0,4220.341796875,-7105.26171875,41.29999923706055,382939.15625,4688397.0
182059.0,4220.341796875,-7105.26220703125,41.29999923706055,382938.875,4688397.0
182100.0,4220.341796875,-7105.26220703125,41.20000076293945,382938.75,4688397.5
182101.0,4220.341796875,-7105.26220703125,41.20000076293945,382938.59375,4688397.0
182102.0,4220.341796875,-7105.26220703125,41.0,382938.59375,4688397.0
182103.0,4220.34130859375,-7105.26220703125,40.900001525878906,382938.875,4688396.5
182104.0,4220.34130859375,-7105.26171875,40.79999923706055,382939.28125,4688396.5
182105.0,4220.3408203125,-7105.26123046875,40.70000076293945,382939.96875,4688395.5
182106.0,4220.3408203125,-7105.26123046875,40.70000076293945,382940.21875,4688395.0
182107.0,4220.3408203125,-7105.26123046875,40.599998474121094,382940.375,4688395.0
182108.0,4220.34033203125,-7105.26123046875,40.599998474121094,382939.9375,4688395.0
182109.0,4220.34033203125,-7105.26123046875,40.5,382939.8125,4688395.0
182110.0,4220.3408203125,-7105.26123046875,40.599998474121094,382939.8125,4688395.0
182111.0,4220.3408203125,-7105.26123046875,40.599998474121094,382939.8125,4688395.0
182112.0,4220.34033203125,-7105.26171875,40.5,382939.65625,4688394.5
182113.0,4220.34033203125,-7105.26171875,40.5,382939.65625,4688394.5
182114.0,4220.34033203125,-7105.26123046875,40.5,382939.9375,4688394.5
182115.0,4220.34033203125,-7105.26123046875,40.5,382939.78125,4688394.0
182116.0,4220.34033203125,-7105.26171875,40.5,382939.65625,4688394.0
182117.0,4220.33984375,-7105.26171875,40.400001525878906,382939.53125,4688394.0
182118.0,4220.33984375,-7105.26171875,40.29999923706055,382939.375,4688394.0
182119.0,4220.33984375,-7105.26123046875,40.29999923706055,382939.78125,4688394.0
182120.0,4220.34033203125,-7105.26171875,40.29999923706055,382939.53125,4688394.0
182121.0,4220.34033203125,-7105.26171875,40.099998474121094,382939.375,4688394.0
182122.0,4220.34033203125,-7105.26171875,39.900001525878906,382939.09375,4688394.0
182123.0,4220.34033203125,-7105.26171875,39.900001525878906,382939.125,4688394.5
182124.0,4220.34033203125,-7105.26171875,39.900001525878906,382939.53125,4688394.0
182125.0,4220.33984375,-7105.26171875,39.900001525878906,382939.375,4688394.0
182126.0,4220.34033203125,-7105.26171875,40.0,382939.25,4688394.0
182127.0,4220.33984375,-7105.26171875,40.099998474121094,382939.53125,4688394.0
182128.0,4220.33984375,-7105.26123046875,40.20000076293945,382939.78125,4688394.0
182129.0,4220.33984375,-7105.2607421875,40.29999923706055,382940.46875,4688393.5
182130.0,4220.33984375,-7105.259765625,40.400001525878906,382941.84375,4688393.5
182131.0,4220.33984375,-7105.25927734375,40.599998474121094,382942.375,4688393.0
182132.0,4220.33984375,-7105.25927734375,40.70000076293945,382942.8125,4688393.0
182133.0,4220.33984375,-7105.2587890625,40.79999923706055,382943.0625,4688393.0
182134.0,4220.33984375,-7105.25927734375,41.0,382942.65625,4688393.5
182135.0,4220.33984375,-7105.259765625,41.20000076293945,382942.25,4688393.5
182136.0,4220.34033203125,-7105.259765625,41.20000076293945,382941.84375,4688394.0
182137.0,4220.34033203125,-7105.259765625,41.29999923706055,382942.0,4688394.5
182138.0,4220.3408203125,-7105.259765625,41.5,382941.71875,4688395.0
182139.0,4220.34033203125,-7105.2607421875,41.5,382941.03125,4688395.0
182140.0,4220.34033203125,-7105.26123046875,41.5,382940.34375,4688394.5
182141.0,4220.34033203125,-7105.26123046875,41.599998474121094,382940.09375,4688394.5
182142.0,4220.34033203125,-7105.26123046875,41.70000076293945,382940.34375,4688394.5
182143.0,4220.34033203125,-7105.2607421875,41.79999923706055,382940.90625,4688394.0
182144.0,4220.33984375,-7105.26025390625,41.900001525878906,382941.5625,4688394.0
182145.0,4220.33984375,-7105.25927734375,42.099998474121094,382942.53125,4688393.5
182146.0,4220.33935546875,-7105.2587890625,42.099998474121094,382943.1875,4688392.5
182147.0,4220.33837890625,-7105.25830078125,42.29999923706055,382943.71875,4688391.0
182148.0,4220.337890625,-7105.25830078125,42.5,382944.125,4688390.5
182149.0,4220.33740234375,-7105.2578125,42.599998474121094,382944.53125,4688389.5
182150.0,4220.33740234375,-7105.2578125,42.900001525878906,382944.9375,4688389.5
182151.0,4220.337890625,-7105.25732421875,43.099998474121094,382945.21875,4688389.5
182152.0,4220.33740234375,-7105.25732421875,43.400001525878906,382945.46875,4688389.5
182153.0,4220.3369140625,-7105.25732421875,43.5,382945.59375,4688388.5
182154.0,4220.33642578125,-7105.25732421875,43.599998474121094,382945.4375,4688387.0
182155.0,4220.3359375,-7105.25732421875,43.79999923706055,382945.03125,4688386.0
182156.0,4220.3359375,-7105.2578125,44.0,382944.875,4688386.0
182157.0,4220.33544921875,-7105.2578125,44.20000076293945,382944.3125,4688385.5
182158.0,4220.33544921875,-7105.25830078125,44.29999923706055,382944.03125,4688385.5
182159.0,4220.33544921875,-7105.25830078125,44.5,382944.03125,4688385.5
182200.0,4220.3359375,-7105.2578125,44.5,382944.59375,4688386.5
182201.0,4220.33642578125,-7105.2578125,44.599998474121094,382944.90625,4688387.0
182202.0,4220.3359375,-7105.2578125,44.599998474121094,382944.75,4688386.5
182203.0,4220.3359375,-7105.2578125,44.5,382944.75,4688386.0
182204.0,4220.33544921875,-7105.2578125,44.400001525878906,382944.875,4688385.5
182205.0,4220.33544921875,-7105.25732421875,44.400001525878906,382945.0,4688385.5
182206.0,4220.3349609375,-7105.25732421875,44.5,382945.125,4688384.0
182207.0,4220.33447265625,-7105.2578125,44.70000076293945,382944.6875,4688383.5
182208.0,4220.333984375,-7105.2578125,44.900001525878906,382944.28125,4688382.5
182209.0,4220.33349609375,-7105.25830078125,45.0,382944.0,4688382.0
182210.0,4220.3330078125,-7105.25830078125,45.0,382944.125,4688381.0
182211.0,4220.33251953125,-7105.25830078125,44.79999923706055,382943.8125,4688380.0
182212.0,4220.33203125,-7105.25830078125,44.70000076293945,382943.53125,4688379.5
182213.0,4220.33203125,-7105.2587890625,44.599998474121094,382943.25,4688379.0
182214.0,4220.33203125,-7105.2587890625,44.599998474121094,382942.96875,4688378.5
182215.0,4220.33154296875,-7105.2587890625,44.5,382942.8125,4688378.0
182216.0,4220.33154296875,-7105.25927734375,44.400001525878906,382942.6875,4688378.0
182217.0,4220.33154296875,-7105.25830078125,44.29999923706055,382943.65625,4688378.0
182218.0,4220.33154296875,-7105.2578125,44.29999923706055,382944.34375,4688378.0
182219.0,4220.33154296875,-7105.25732421875,44.29999923706055,382945.28125,4688378.0
182220.0,4220.3310546875,-7105.2568359375,44.400001525878906,382945.96875,4688377.5
182221.0,4220.3310546875,-7105.25634765625,44.400001525878906,382946.5,4688377.0
182222.0,4220.33056640625,-7105.255859375,44.5,382946.78125,4688376.0
182223.0,4220.330078125,-7105.255859375,44.599998474121094,382947.03125,4688375.5
182224.0,4220.32958984375,-7105.255859375,44.70000076293945,382947.03125,4688374.5
182225.0,4220.3291015625,-7105.25537109375,44.79999923706055,382947.6875,4688373.0
182226.0,4220.328125,-7105.2548828125,45.0,382948.21875,4688372.0
182227.0,4220.32763671875,-7105.25439453125,45.099998474121094,382948.75,4688371.0
182228.0,4220.3271484375,-7105.25390625,45.099998474121094,382949.4375,4688370.5
182229.0,4220.32763671875,-7105.25390625,45.099998474121094,382949.96875,4688370.5
182230.0,4220.32763671875,-7105.25341796875,45.0,382950.53125,4688371.0
182231.0,4220.32763671875,-7105.2529296875,44.900001525878906,382950.9375,4688370.5
182232.0,4220.3271484375,-7105.2529296875,44.900001525878906,382950.9375,4688370.0
182233.0,4220.3271484375,-7105.2529296875,44.79999923706055,382951.0625,4688370.0
182234.0,4220.3271484375,-7105.2529296875,44.70000076293945,382951.1875,4688369.5
182235.0,4220.3271484375,-7105.25244140625,44.5,382952.03125,4688369.5
182236.0,4220.3271484375,-7105.25244140625,44.29999923706055,382952.03125,4688370.0
182237.0,4220.32763671875,-7105.25244140625,44.099998474121094,382951.90625,4688370.5
182238.0,4220.328125,-7105.2529296875,43.900001525878906,382950.8125,4688372.0
182239.0,4220.32861328125,-7105.25341796875,43.79999923706055,382950.5625,4688372.5
182240.0,4220.3291015625,-7105.25390625,43.79999923706055,382949.625,4688373.5
182241.0,4220.32958984375,-7105.2548828125,43.79999923706055,382948.40625,4688374.5
182242.0,4220.330078125,-7105.255859375,43.79999923706055,382946.90625,4688375.5
182243.0,4220.33056640625,-7105.2578125,43.900001525878906,382944.71875,4688376.5
182244.0,4220.3310546875,-7105.25830078125,43.900001525878906,382943.90625,4688377.5
182245.0,4220.33154296875,-7105.25830078125,44.0,382943.90625,4688378.0
182246.0,4220.33203125,-7105.2587890625,43.900001525878906,382943.375,4688379.0
182247.0,4220.33203125,-7105.2587890625,43.79999923706055,382943.375,4688379.0
182248.0,4220.33203125,-7105.2587890625,43.79999923706055,382943.40625,4688379.0
182249.0,4220.33251953125,-7105.2587890625,43.70000076293945,382943.125,4688379.5
182250.0,4220.33251953125,-7105.2587890625,43.599998474121094,382943.125,4688380.0
182251.0,4220.33251953125,-7105.2587890625,43.599998474121094,382943.28125,4688380.0
182252.0,4220.33251953125,-7105.2587890625,43.70000076293945,382943.28125,4688380.5
182253.0,4220.3330078125,-7105.2587890625,43.599998474121094,382943.0,4688380.5
182254.0,4220.3330078125,-7105.2587890625,43.5,382943.28125,4688380.5
182255.0,4220.3330078125,-7105.2587890625,43.5,382943.28125,4688381.0
182256.0,4220.33349609375,-7105.25927734375,43.400001525878906,382942.46875,4688382.0
182257.0,4220.33447265625,-7105.2587890625,43.0,382942.90625,4688383.5
182258.0,4220.33447265625,-7105.2587890625,42.79999923706055,382943.1875,4688384.0
182259.0,4220.3349609375,-7105.2587890625,42.70000076293945,382943.21875,4688384.5
182300.0,4220.33544921875,-7105.2587890625,42.70000076293945,382942.9375,4688385.0
182301.0,4220.3359375,-7105.25927734375,42.70000076293945,382942.6875,4688386.0
182302.0,4220.3359375,-7105.2587890625,42.79999923706055,382942.96875,4688386.0
182303.0,4220.3359375,-7105.2587890625,42.900001525878906,382943.09375,4688386.0
182304.0,4220.3359375,-7105.2587890625,42.900001525878906,382942.96875,4688386.5
182305.0,4220.3359375,-7105.2587890625,43.0,382943.09375,4688386.5
182306.0,4220.3359375,-7105.2587890625,43.0,382943.375,4688386.5
182307.0,4220.3359375,-7105.25830078125,43.20000076293945,382944.0625,4688386.0
182308.0,4220.33544921875,-7105.25830078125,43.099998474121094,382943.90625,4688385.5
182309.0,4220.33544921875,-7105.2587890625,43.099998474121094,382943.375,4688385.5
182310.0,4220.33544921875,-7105.2587890625,42.900001525878906,382942.9375,4688385.5
182311.0,4220.33544921875,-7105.2587890625,42.599998474121094,382942.9375,4688385.0
182312.0,4220.3349609375,-7105.2587890625,42.5,382943.21875,4688385.0
182313.0,4220.3349609375,-7105.2587890625,42.5,382943.34375,4688385.0
182314.0,4220.3349609375,-7105.2587890625,42.5,382943.21875,4688384.5
182315.0,4220.3349609375,-7105.2587890625,42.5,382943.21875,4688385.0
182316.0,4220.3349609375,-7105.2587890625,42.400001525878906,382942.9375,4688385.0
182317.0,4220.33544921875,-7105.259765625,42.400001525878906,382942.125,4688385.5
182318.0,4220.33544921875,-7105.259765625,42.5,382941.71875,4688386.0
182319.0,4220.3359375,-7105.26025390625,42.5,382941.4375,4688386.5
182320.0,4220.33642578125,-7105.2607421875,42.5,382940.65625,4688387.0
182321.0,4220.3369140625,-7105.26123046875,42.70000076293945,382939.84375,4688388.0
182322.0,4220.33740234375,-7105.26171875,42.79999923706055,382939.15625,4688389.0
182323.0,4220.33740234375,-7105.26220703125,42.599998474121094,382938.75,4688389.5
182324.0,4220.337890625,-7105.26220703125,42.29999923706055,382938.625,4688389.5
182325.0,4220.337890625,-7105.26220703125,42.0,382938.625,4688389.5
182326.0,4220.337890625,-7105.26220703125,41.70000076293945,382938.5,4688389.5
182327.0,4220.337890625,-7105.26220703125,41.400001525878906,382938.625,4688389.5
182328.0,4220.337890625,-7105.26220703125,41.099998474121094,382938.78125,4688390.0
182329.0,4220.33837890625,-7105.26220703125,40.900001525878906,382938.625,4688390.5
182330.0,4220.33837890625,-7105.26220703125,40.70000076293945,382938.375,4688391.0
182331.0,4220.33837890625,-7105.26220703125,40.599998474121094,382938.65625,4688391.0
182332.0,4220.33837890625,-7105.26171875,40.400001525878906,382939.0625,4688391.0
182333.0,4220.33837890625,-7105.26171875,40.20000076293945,382939.46875,4688391.5
182334.0,4220.33837890625,-7105.26171875,40.099998474121094,382939.625,4688391.5
182335.0,4220.3388671875,-7105.26123046875,40.099998474121094,382939.75,4688391.5
182336.0,4220.3388671875,-7105.26123046875,40.20000076293945,382939.90625,4688392.0
182337.0,4220.3388671875,-7105.26123046875,40.099998474121094,382940.1875,4688392.0
182338.0,4220.33935546875,-7105.26123046875,40.099998474121094,382939.90625,4688392.5
182339.0,4220.33935546875,-7105.26123046875,40.099998474121094,382940.0625,4688393.0
182340.0,4220.33935546875,-7105.26123046875,40.0,382940.3125,4688393.0
182341.0,4220.33935546875,-7105.2607421875,40.0,382940.75,4688393.0
182342.0,4220.33984375,-7105.26123046875,40.0,382940.34375,4688393.5
182343.0,4220.33984375,-7105.26123046875,40.099998474121094,382939.9375,4688393.5
182344.0,4220.33984375,-7105.26171875,40.099998474121094,382939.65625,4688393.5
182345.0,4220.33984375,-7105.26123046875,40.20000076293945,382939.78125,4688393.5
182346.0,4220.33984375,-7105.26171875,40.29999923706055,382939.5,4688393.5
182347.0,4220.33984375,-7105.26123046875,40.29999923706055,382940.1875,4688393.0
182348.0,4220.33935546875,-7105.2607421875,40.400001525878906,382940.46875,4688393.0
182349.0,4220.33935546875,-7105.26025390625,40.5,382941.40625,4688392.5
182350.0,4220.3388671875,-7105.259765625,40.5,382941.96875,4688392.0
182351.0,4220.3388671875,-7105.25927734375,40.5,382942.5,4688392.0
182352.0,4220.3388671875,-7105.25927734375,40.5,382942.78125,4688392.0
182353.0,4220.3388671875,-7105.25927734375,40.5,382942.9375,4688392.0
182354.0,4220.3388671875,-7105.2587890625,40.5,382943.46875,4688392.0
182355.09375,4220.3388671875,-7105.25830078125,40.599998474121094,382943.875,4688392.0
182356.0,4220.33837890625,-7105.2587890625,40.70000076293945,382943.46875,4688391.5
182357.0,4220.33837890625,-7105.2587890625,40.79999923706055,382943.4375,4688390.5
182358.0,4220.337890625,-7105.25927734375,40.79999923706055,382942.59375,4688390.0
182359.0,4220.33740234375,-7105.25927734375,40.70000076293945,382942.46875,4688389.0
182400.0,4220.3369140625,-7105.25927734375,40.5,382942.4375,4688388.5
182401.0,4220.3369140625,-7105.25927734375,40.29999923706055,382942.59375,4688388.0
182402.0,4220.3369140625,-7105.25927734375,40.0,382942.71875,4688388.5
182403.0,4220.33740234375,-7105.2587890625,39.5,382943.0,4688389.0
182404.0,4220.337890625,-7105.25927734375,38.70000076293945,382942.75,4688390.0
182405.0,4220.337890625,-7105.2587890625,38.900001525878906,382943.3125,4688390.5
182406.0,4220.33837890625,-7105.2587890625,38.79999923706055,382943.03125,4688390.5
182407.0,4220.33837890625,-7105.2587890625,38.099998474121094,382943.59375,4688391.0
182408.0,4220.3388671875,-7105.2578125,38.0,382944.40625,4688391.5
182409.0,4220.3388671875,-7105.25732421875,38.0,382945.125,4688392.0
182410.0,4220.33935546875,-7105.25732421875,38.400001525878906,382945.53125,4688392.5
182411.0,4220.33984375,-7105.2568359375,38.5,382946.09375,4688393.5
182412.0,4220.33984375,-7105.2568359375,38.5,382945.96875,4688394.0
182413.0,4220.34033203125,-7105.2568359375,38.70000076293945,382945.84375,4688394.5
182414.0,4220.3408203125,-7105.2568359375,38.79999923706055,382945.875,4688395.5
182415.0,4220.3408203125,-7105.2568359375,39.0,382945.875,4688395.5
182416.0,4220.3408203125,-7105.25732421875,38.400001525878906,382945.59375,4688395.5
182417.0,4220.3408203125,-7105.2578125,37.29999923706055,382944.75,4688395.5
182418.0,4220.3408203125,-7105.2587890625,36.70000076293945,382943.53125,4688395.0
182419.0,4220.34130859375,-7105.25927734375,34.70000076293945,382942.5625,4688396.0
182420.0,4220.34130859375,-7105.259765625,33.29999923706055,382941.90625,4688396.5
182421.0,4220.34228515625,-7105.26025390625,31.899999618530273,382941.21875,4688398.0
182422.0,4220.3427734375,-7105.2607421875,31.5,382941.09375,4688398.5
182423.0,4220.34326171875,-7105.2607421875,31.299999237060547,382941.0,4688400.0
182424.0,4220.34326171875,-7105.2607421875,30.899999618530273,382941.125,4688400.0
182425.0,4220.34375,-7105.259765625,32.599998474121094,382942.09375,4688400.5
182426.0,4220.34375,-7105.259765625,32.70000076293945,382942.09375,4688401.0
182427.0,4220.34423828125,-7105.25927734375,32.900001525878906,382942.8125,4688401.5
182428.0,4220.34423828125,-7105.25927734375,32.599998474121094,382943.09375,4688402.0
182429.0,4220.34423828125,-7105.25927734375,32.099998474121094,382942.9375,4688402.0
182430.0,4220.34423828125,-7105.25927734375,31.700000762939453,382942.6875,4688402.0
182431.0,4220.34423828125,-7105.25927734375,31.299999237060547,382942.8125,4688401.5
182432.0,4220.34375,-7105.25927734375,30.600000381469727,382942.78125,4688401.0
182433.0,4220.34375,-7105.25927734375,30.0,382942.65625,4688401.0
182434.0,4220.34326171875,-7105.2587890625,29.5,382943.1875,4688400.5
182435.0,4220.34326171875,-7105.2587890625,29.200000762939453,382943.3125,4688399.5
182436.0,4220.3427734375,-7105.2587890625,28.799999237060547,382943.59375,4688399.5
182437.0,4220.3427734375,-7105.25830078125,28.5,382944.15625,4688399.5
182438.0,4220.3427734375,-7105.25830078125,28.100000381469727,382944.40625,4688399.0
182439.0,4220.3427734375,-7105.2578125,27.700000762939453,382944.8125,4688399.0
182440.0,4220.3427734375,-7105.2578125,27.399999618530273,382944.8125,4688399.0
182441.0,4220.34228515625,-7105.25732421875,27.5,382945.625,4688398.5
182442.0,4220.3427734375,-7105.2568359375,27.200000762939453,382946.0625,4688398.5
182443.0,4220.3427734375,-7105.255859375,27.299999237060547,382947.4375,4688398.5
182444.0,4220.34228515625,-7105.2548828125,27.399999618530273,382948.53125,4688398.5
182445.0,4220.34228515625,-7105.25439453125,27.399999618530273,382949.75,4688398.0
182446.0,4220.341796875,-7105.25341796875,27.100000381469727,382950.5625,4688397.5
182447.0,4220.341796875,-7105.25390625,26.700000762939453,382950.28125,4688397.0
182448.0,4220.34130859375,-7105.25439453125,26.399999618530273,382949.71875,4688396.5
182449.0,4220.34130859375,-7105.25390625,26.399999618530273,382950.125,4688396.0
182450.0,4220.3408203125,-7105.25341796875,26.399999618530273,382950.8125,4688395.5
182451.0,4220.3408203125,-7105.25341796875,26.399999618530273,382950.8125,4688395.5
182452.0,4220.3408203125,-7105.25341796875,26.399999618530273,382950.9375,4688395.5
182453.0,4220.3408203125,-7105.25341796875,26.399999618530273,382950.8125,4688395.5
182454.0,4220.34130859375,-7105.25341796875,26.5,382950.8125,4688396.0
182455.0,4220.34130859375,-7105.25341796875,26.600000381469727,382951.09375,4688396.5
182456.0,4220.34130859375,-7105.2529296875,26.600000381469727,382951.21875,4688396.5
182457.0,4220.34130859375,-7105.25341796875,26.5,382951.09375,4688396.5
182458.0,4220.34130859375,-7105.25341796875,26.299999237060547,382950.96875,4688396.5
182459.0,4220.341796875,-7105.25341796875,26.200000762939453,382950.6875,4688396.5
182500.0,4220.34130859375,-7105.25341796875,26.299999237060547,382950.96875,4688396.5
182501.0,4220.34130859375,-7105.25341796875,26.299999237060547,382950.8125,4688396.5
182502.0,4220.34130859375,-7105.25341796875,26.100000381469727,382950.5625,4688396.5
182503.0,4220.341796875,-7105.25390625,26.0,382950.28125,4688396.5
182504.0,4220.341796875,-7105.25390625,25.899999618530273,382949.875,4688396.5
182505.0,4220.34130859375,-7105.25439453125,25.899999618530273,382949.3125,4688396.5
182506.0,4220.34130859375,-7105.2548828125,25.799999237060547,382948.75,4688396.5
182507.0,4220.34130859375,-7105.2548828125,25.700000762939453,382948.75,4688396.5
182508.0,4220.34130859375,-7105.2548828125,25.5,382949.03125,4688396.5
182509.0,4220.34130859375,-7105.2548828125,25.399999618530273,382948.90625,4688396.5
182510.0,4220.34130859375,-7105.2548828125,25.100000381469727,382948.75,4688396.5
182511.0,4220.341796875,-7105.2548828125,25.100000381469727,382948.90625,4688396.5
182512.0,4220.34130859375,-7105.2548828125,24.799999237060547,382948.5,4688396.5
182513.0,4220.34130859375,-7105.25537109375,24.600000381469727,382948.34375,4688396.0
182514.0,4220.34130859375,-7105.25537109375,24.399999618530273,382948.0625,4688396.0
182515.0,4220.3408203125,-7105.25537109375,24.200000762939453,382948.1875,4688395.5
182516.0,4220.3408203125,-7105.25537109375,24.0,382947.9375,4688395.5
182517.0,4220.3408203125,-7105.25537109375,23.799999237060547,382947.78125,4688395.5
182518.0,4220.3408203125,-7105.25537109375,23.600000381469727,382947.90625,4688395.0
182519.0,4220.34033203125,-7105.25537109375,23.600000381469727,382947.90625,4688394.5
182520.0,4220.34033203125,-7105.25537109375,23.700000762939453,382948.03125,4688394.0
182521.0,4220.33984375,-7105.25537109375,24.299999237060547,382948.28125,4688393.0
182522.0,4220.33935546875,-7105.2548828125,24.700000762939453,382948.84375,4688392.5
182523.0,4220.3388671875,-7105.25439453125,25.100000381469727,382949.25,4688392.0
182524.0,4220.3388671875,-7105.25439453125,25.299999237060547,382949.375,4688391.5
182525.0,4220.33837890625,-7105.2548828125,25.5,382948.8125,4688391.0
182526.0,4220.337890625,-7105.25537109375,25.5,382948.25,4688390.0
182527.0,4220.33740234375,-7105.25537109375,25.700000762939453,382948.09375,4688389.5
182528.0,4220.33740234375,-7105.25537109375,25.799999237060547,382947.8125,4688389.5
182529.0,4220.33740234375,-7105.25537109375,26.0,382947.6875,4688389.5
182530.0,4220.33740234375,-7105.255859375,26.100000381469727,382947.53125,4688389.0
182531.0,4220.33740234375,-7105.25537109375,26.200000762939453,382947.6875,4688389.5
182532.0,4220.33740234375,-7105.25537109375,26.399999618530273,382947.6875,4688389.5
182533.0,4220.33740234375,-7105.255859375,26.299999237060547,382947.40625,4688389.0
