181433.0,4220.34228515625,-7105.2646484375,37.20000076293945,671984.7612750686,4689531.233367189
181434.0,4220.3427734375,-7105.2646484375,37.20000076293945,671984.739087799,4689532.1370325675
181435.0,4220.3427734375,-7105.2646484375,37.20000076293945,671984.739087799,4689532.1370325675
181436.0,4220.3427734375,-7105.2646484375,37.20000076293945,671984.739087799,4689532.1370325675
181437.0,4220.34326171875,-7105.26416015625,37.20000076293945,671984.0464765728,4689533.024237372
181438.0,4220.34326171875,-7105.26318359375,37.099998474121094,671982.7056286706,4689532.991316415
181439.0,4220.34326171875,-7105.2626953125,37.099998474121094,671982.0352047206,4689532.974856034
181440.0,4220.34326171875,-7105.26220703125,37.0,671981.3647807698,4689532.958395716
181441.0,4220.34326171875,-7105.26171875,37.0,671980.6943568204,4689532.941935463
181442.0,4220.34326171875,-7105.26171875,37.0,671980.6943568204,4689532.941935463
181443.0,4220.34326171875,-7105.26123046875,37.0,671980.0239328702,4689532.925475273
181444.0,4220.34326171875,-7105.26123046875,36.900001525878906,671980.0239328702,4689532.925475273
181445.0,4220.34326171875,-7105.2607421875,36.79999923706055,671979.3535089216,4689532.909015147
181446.0,4220.34326171875,-7105.26025390625,36.599998474121094,671978.683084971,4689532.892555087
181447.0,4220.34326171875,-7105.259765625,36.5,671978.0126610228,4689532.87609509
181448.0,4220.34375,-7105.259765625,36.29999923706055,671977.990474612,4689533.779760469
181449.0,4220.34375,-7105.259765625,36.099998474121094,671977.990474612,4689533.779760469
181450.0,4220.34423828125,-7105.259765625,36.0,671977.9682881976,4689534.683425847
181451.0,4220.34423828125,-7105.25927734375,35.900001525878906,671977.297864422,4689534.666965914
181452.0,4220.3447265625,-7105.2587890625,35.70000076293945,671976.6052544031,4689535.554171424
181453.0,4220.3447265625,-7105.25830078125,35.599998474121094,671975.9348307146,4689535.537711619
181454.0,4220.3447265625,-7105.25830078125,35.5,671975.9348307146,4689535.537711619
181455.0,4220.3447265625,-7105.25732421875,35.400001525878906,671974.5939833397,4689535.504792201
181456.0,4220.34521484375,-7105.25732421875,35.20000076293945,671974.5717973512,4689536.40845758
181457.0,4220.34521484375,-7105.2568359375,35.099998474121094,671973.9013737504,4689536.391997967
181458.0,4220.34521484375,-7105.2568359375,35.0,671973.9013737504,4689536.391997967
181459.0,4220.34521484375,-7105.25634765625,34.900001525878906,671973.2309501498,4689536.375538418
181500.0,4220.34521484375,-7105.255859375,34.70000076293945,671972.5605265506,4689536.3590789335
181501.0,4220.3447265625,-7105.255859375,34.599998474121094,671972.5827122794,4689535.455413557
181502.0,4220.3447265625,-7105.25537109375,34.400001525878906,671971.9122885929,4689535.438954136
181503.0,4220.3447265625,-7105.25537109375,34.20000076293945,671971.9122885929,4689535.438954136
181504.0,4220.3447265625,-7105.25537109375,34.099998474121094,671971.9122885929,4689535.438954136
181505.0,4220.3447265625,-7105.255859375,33.900001525878906,671972.5827122794,4689535.455413557
181506.0,4220.3447265625,-7105.255859375,33.70000076293945,671972.5827122794,4689535.455413557
181507.0,4220.3447265625,-7105.255859375,33.599998474121094,671972.5827122794,4689535.455413557
181508.0,4220.3447265625,-7105.25537109375,33.70000076293945,671971.9122885929,4689535.438954136
181509.0,4220.34423828125,-7105.25537109375,33.70000076293945,671971.9344742316,4689534.53528876
181510.0,4220.34423828125,-7105.25537109375,33.70000076293945,671971.9344742316,4689534.53528876
181511.0,4220.34423828125,-7105.25537109375,33.79999923706055,671971.9344742316,4689534.53528876
181512.0,4220.34423828125,-7105.25537109375,33.79999923706055,671971.9344742316,4689534.53528876
181513.0,4220.34423828125,-7105.25537109375,33.79999923706055,671971.9344742316,4689534.53528876
181514.0,4220.34423828125,-7105.255859375,33.70000076293945,671972.6048980046,4689534.55174818
181515.0,4220.34375,-7105.255859375,33.70000076293945,671972.6270837263,4689533.648082805
181516.0,4220.34423828125,-7105.255859375,33.599998474121094,671972.6048980046,4689534.55174818
181517.0,4220.34423828125,-7105.255859375,33.5,671972.6048980046,4689534.55174818
181518.0,4220.34423828125,-7105.25537109375,33.400001525878906,671971.9344742316,4689534.53528876
181519.0,4220.34423828125,-7105.2548828125,33.400001525878906,671971.2640504598,4689534.518829405
181520.0,4220.34423828125,-7105.25439453125,33.099998474121094,671970.5936266874,4689534.502370114
181521.0,4220.34423828125,-7105.25439453125,32.900001525878906,671970.5936266874,4689534.502370114
181522.0,4220.34423828125,-7105.25390625,32.599998474121094,671969.9232029164,4689534.485910888
181523.0,4220.34423828125,-7105.25390625,32.400001525878906,671969.9232029164,4689534.485910888
181524.0,4220.34423828125,-7105.25341796875,32.29999923706055,671969.2527791457,4689534.4694517255
181525.0,4220.34423828125,-7105.25341796875,32.20000076293945,671969.2527791457,4689534.4694517255
181526.0,4220.34423828125,-7105.2529296875,32.099998474121094,671968.5823553732,4689534.452992627
181527.0,4220.34423828125,-7105.2529296875,32.0,671968.5823553732,4689534.452992627
181528.0,4220.34423828125,-7105.25244140625,32.0,671967.9119316022,4689534.436533593
181529.0,4220.34423828125,-7105.25244140625,31.799999237060547,671967.9119316022,4689534.436533593
181530.0,4220.34375,-7105.25244140625,31.799999237060547,671967.9341167179,4689533.5328682205
181531.0,4220.34375,-7105.2529296875,31.799999237060547,671968.6045405755,4689533.549327254
181532.0,4220.34326171875,-7105.2529296875,31.799999237060547,671968.6267257744,4689532.645661882
181533.0,4220.34326171875,-7105.2529296875,31.799999237060547,671968.6267257744,4689532.645661882
181534.0,4220.34375,-7105.2529296875,31.700000762939453,671968.6045405755,4689533.549327254
181535.0,4220.34326171875,-7105.2529296875,31.5,671968.6267257744,4689532.645661882
181536.0,4220.34375,-7105.2529296875,31.399999618530273,671968.6045405755,4689533.549327254
181537.0,4220.34375,-7105.25341796875,31.399999618530273,671969.2749644346,4689533.565786352
181538.0,4220.34375,-7105.25341796875,31.399999618530273,671969.2749644346,4689533.565786352
181539.0,4220.34423828125,-7105.25341796875,31.299999237060547,671969.2527791457,4689534.4694517255
181540.0,4220.34423828125,-7105.2529296875,31.299999237060547,671968.5823553732,4689534.452992627
181541.0,4220.3447265625,-7105.25341796875,31.200000762939453,671969.2305938534,4689535.3731170995
181542.0,4220.3447265625,-7105.2529296875,31.200000762939453,671968.5601701675,4689535.3566580005
181543.0,4220.3447265625,-7105.25341796875,31.200000762939453,671969.2305938534,4689535.3731170995
181544.0,4220.34521484375,-7105.25341796875,31.299999237060547,671969.2084085575,4689536.2767824745
181545.0,4220.345703125,-7105.25341796875,31.399999618530273,671969.1862232581,4689537.18044785
181546.0,4220.34619140625,-7105.25341796875,31.600000381469727,671969.1640379553,4689538.084113229
181547.0,4220.34619140625,-7105.25341796875,31.899999618530273,671969.1640379553,4689538.084113229
181548.0,4220.3466796875,-7105.25390625,32.099998474121094,671969.8122759868,4689539.004237772
181549.0,4220.3466796875,-7105.25439453125,32.400001525878906,671970.482699325,4689539.020697001
181550.0,4220.3466796875,-7105.25439453125,32.70000076293945,671970.482699325,4689539.020697001
181551.0,4220.34716796875,-7105.25390625,33.099998474121094,671969.7900905905,4689539.9079031525
181552.0,4220.34765625,-7105.25341796875,33.400001525878906,671969.0974820259,4689540.795109368
181553.0,4220.34765625,-7105.25341796875,33.70000076293945,671969.0974820259,4689540.795109368
181554.0,4220.34814453125,-7105.25390625,33.79999923706055,671969.7457197872,4689541.7152339155
181555.0,4220.34814453125,-7105.25390625,34.099998474121094,671969.7457197872,4689541.7152339155
181556.0,4220.3486328125,-7105.25390625,34.29999923706055,671969.7235343804,4689542.6188993
181557.0,4220.34912109375,-7105.25390625,34.400001525878906,671969.7013489701,4689543.522564684
181558.0,4220.3486328125,-7105.25390625,34.5,671969.7235343804,4689542.6188993
181559.0,4220.34912109375,-7105.25390625,34.5,671969.7013489701,4689543.522564684
181600.0,4220.3486328125,-7105.25390625,34.5,671969.7235343804,4689542.6188993
181601.0,4220.3486328125,-7105.25390625,34.400001525878906,671969.7235343804,4689542.6188993
181602.0,4220.34814453125,-7105.25390625,34.400001525878906,671969.7457197872,4689541.7152339155
181603.0,4220.34814453125,-7105.25390625,34.5,671969.7457197872,4689541.7152339155
181604.0,4220.34765625,-7105.25341796875,34.599998474121094,671969.0974820259,4689540.795109368
181605.0,4220.34765625,-7105.25341796875,34.79999923706055,671969.0974820259,4689540.795109368
181606.0,4220.34716796875,-7105.25341796875,34.900001525878906,671969.1196673391,4689539.891443987
181607.0,4220.3466796875,-7105.25390625,35.099998474121094,671969.8122759868,4689539.004237772
181608.0,4220.34619140625,-7105.25390625,35.20000076293945,671969.8344613797,4689538.100572393
181609.0,4220.34619140625,-7105.25439453125,35.5,671970.5048848045,4689538.117031622
181610.0,4220.345703125,-7105.2548828125,35.5,671971.1974937931,4689537.229825535
181611.0,4220.345703125,-7105.25439453125,35.599998474121094,671970.5270702804,4689537.213366242
181612.0,4220.345703125,-7105.25390625,35.599998474121094,671969.8566467691,4689537.196907015
181613.0,4220.34521484375,-7105.25341796875,35.70000076293945,671969.2084085575,4689536.2767824745
181614.0,4220.3447265625,-7105.25341796875,35.79999923706055,671969.2305938534,4689535.3731170995
181615.0,4220.34423828125,-7105.25341796875,35.900001525878906,671969.2527791457,4689534.4694517255
181616.0,4220.34326171875,-7105.2529296875,36.0,671968.6267257744,4689532.645661882
181617.0,4220.34228515625,-7105.25244140625,36.0,671968.0006720441,4689530.821872112
181618.0,4220.34130859375,-7105.25244140625,36.099998474121094,671968.0450422443,4689529.014541377
181619.0,4220.3408203125,-7105.25244140625,36.20000076293945,671968.0672273391,4689528.110876012
181620.0,4220.3408203125,-7105.251953125,36.29999923706055,671967.3968029633,4689528.094417045
181621.0,4220.34033203125,-7105.251953125,36.5,671967.4189879681,4689527.190751682
181622.0,4220.33984375,-7105.25146484375,36.599998474121094,671966.7707484209,4689526.270627417
181623.0,4220.3388671875,-7105.2509765625,36.70000076293945,671966.1446935174,4689524.446837859
181624.0,4220.3388671875,-7105.2509765625,36.79999923706055,671966.1446935174,4689524.446837859
181625.0,4220.3388671875,-7105.25048828125,36.900001525878906,671965.4742687964,4689524.430379087
181626.0,4220.33837890625,-7105.25,37.0,671964.8260287191,4689523.510255021
181627.0,4220.33837890625,-7105.24951171875,37.099998474121094,671964.155603911,4689523.493796377
181628.0,4220.33740234375,-7105.24951171875,37.20000076293945,671964.1999730165,4689521.686465666
181629.0,4220.33740234375,-7105.24951171875,37.400001525878906,671964.1999730165,4689521.686465666
181630.0,4220.3369140625,-7105.2490234375,37.5,671963.5517324966,4689520.766341736
181631.0,4220.3369140625,-7105.2490234375,37.599998474121094,671963.5517324966,4689520.766341736
181632.0,4220.33642578125,-7105.24853515625,37.599998474121094,671962.9034918013,4689519.84621787
181633.0,4220.3359375,-7105.24853515625,37.79999923706055,671962.9256761689,4689518.942552519
181634.0,4220.33544921875,-7105.24853515625,37.900001525878906,671962.9478605327,4689518.038887169
181635.0,4220.3349609375,-7105.24853515625,38.099998474121094,671962.9700448931,4689517.13522182
181636.0,4220.3349609375,-7105.2490234375,38.29999923706055,671963.6404703055,4689517.151680332
181637.0,4220.3349609375,-7105.24951171875,38.5,671964.3108957191,4689517.168138908
181638.0,4220.33447265625,-7105.25,38.599998474121094,671965.0035057499,4689516.280932199
181639.0,4220.333984375,-7105.25,38.79999923706055,671965.025690363,4689515.377266853
181640.0,4220.33349609375,-7105.25,38.900001525878906,671965.0478749727,4689514.473601507
181641.0,4220.33349609375,-7105.25048828125,39.0,671965.7183006468,4689514.49006021
181642.0,4220.3330078125,-7105.2509765625,39.20000076293945,671966.4109110995,4689513.602853631
181643.0,4220.33251953125,-7105.25146484375,39.400001525878906,671967.1035217232,4689512.715647115
181644.0,4220.33251953125,-7105.251953125,39.599998474121094,671967.7739475704,4689512.73210601
181645.0,4220.33251953125,-7105.25244140625,39.70000076293945,671968.4443734179,4689512.74856497
181646.0,4220.33203125,-7105.2529296875,39.900001525878906,671969.1369843853,4689511.861358647
181647.0,4220.33203125,-7105.25341796875,39.900001525878906,671969.8074103221,4689511.877817734
181648.0,4220.33154296875,-7105.25390625,40.0,671970.5000215456,4689510.990611541
181649.0,4220.3310546875,-7105.25390625,40.0,671970.5222068303,4689510.086946198
181650.0,4220.3310546875,-7105.25439453125,40.099998474121094,671971.192632939,4689510.103405412
181651.0,4220.33056640625,-7105.2548828125,40.20000076293945,671971.8852445033,4689509.216199345
181652.0,4220.33056640625,-7105.255859375,40.29999923706055,671973.2260968962,4689509.249118095
181653.0,4220.3310546875,-7105.25634765625,40.400001525878906,671973.8743373783,4689510.169242914
181654.0,4220.33056640625,-7105.25732421875,40.5,671975.2373754884,4689509.298496703
181655.0,4220.33154296875,-7105.2587890625,40.599998474121094,671977.204281786,4689511.155206585
181656.0,4220.3310546875,-7105.259765625,40.400001525878906,671978.5673201615,4689510.284461015
181657.0,4220.33056640625,-7105.26123046875,40.20000076293945,671980.6007850819,4689509.430175812
181658.0,4220.3310546875,-7105.26220703125,40.0,671981.9194507301,4689510.366761585
181659.0,4220.3310546875,-7105.26220703125,39.900001525878906,671981.9194507301,4689510.366761585
181700.0,4220.3310546875,-7105.26220703125,39.79999923706055,671981.9194507301,4689510.366761585
181701.0,4220.33154296875,-7105.26220703125,39.79999923706055,671981.8972639735,4689511.270426936
181702.0,4220.33203125,-7105.26171875,39.70000076293945,671981.2046512729,4689512.157632045
181703.0,4220.33251953125,-7105.26171875,39.599998474121094,671981.1824645959,4689513.061297398
181704.0,4220.3330078125,-7105.26171875,39.599998474121094,671981.1602779154,4689513.964962754
181705.0,4220.33349609375,-7105.26171875,39.5,671981.1380912315,4689514.868628111
181706.0,4220.333984375,-7105.26123046875,39.5,671980.445478949,4689515.755833287
181707.0,4220.33447265625,-7105.26123046875,39.400001525878906,671980.4232923447,4689516.659498644
181708.0,4220.33447265625,-7105.26123046875,39.29999923706055,671980.4232923447,4689516.659498644
181709.0,4220.33447265625,-7105.2607421875,39.20000076293945,671979.7528668377,4689516.643038527
181710.0,4220.33447265625,-7105.259765625,39.099998474121094,671978.4120158223,4689516.610118485
181711.0,4220.33447265625,-7105.25927734375,39.0,671977.7415903151,4689516.593658561
181712.0,4220.33447265625,-7105.2587890625,38.900001525878906,671977.0711648094,4689516.577198701
181713.0,4220.3349609375,-7105.25830078125,38.900001525878906,671976.3785532145,4689517.464404261
181714.0,4220.3349609375,-7105.2578125,39.0,671975.708127796,4689517.447944528
181715.0,4220.3349609375,-7105.2578125,39.099998474121094,671975.708127796,4689517.447944528
181716.0,4220.33544921875,-7105.25732421875,39.20000076293945,671975.015516458,4689518.335150217
181717.0,4220.3359375,-7105.25732421875,39.29999923706055,671974.9933305357,4689519.238815575
181718.0,4220.3359375,-7105.25732421875,39.29999923706055,671974.9933305357,4689519.238815575
181719.0,4220.33642578125,-7105.2568359375,39.400001525878906,671974.3007194508,4689520.126021328
181720.0,4220.3359375,-7105.25634765625,39.5,671973.6524800445,4689519.20589643
181721.0,4220.3359375,-7105.25537109375,39.5,671972.3116295557,4689519.172977542
181722.0,4220.3359375,-7105.2548828125,39.599998474121094,671971.6412043121,4689519.156518194
181723.0,4220.33544921875,-7105.2548828125,39.70000076293945,671971.6633898015,4689518.2528528385
181724.0,4220.33544921875,-7105.25439453125,39.900001525878906,671970.9929644708,4689518.236393556
181725.0,4220.33544921875,-7105.25390625,40.099998474121094,671970.3225391414,4689518.219934337
181726.0,4220.33447265625,-7105.2529296875,40.20000076293945,671969.0260587572,4689516.379685388
181727.0,4220.333984375,-7105.2529296875,40.29999923706055,671969.0482438898,4689515.476020038
181728.0,4220.33349609375,-7105.25244140625,40.400001525878906,671968.4000033432,4689514.555895665
181729.0,4220.3330078125,-7105.2529296875,40.5,671969.0926141446,4689513.66868934
181730.0,4220.3330078125,-7105.2529296875,40.599998474121094,671969.0926141446,4689513.66868934
181731.0,4220.3330078125,-7105.25244140625,40.70000076293945,671968.4221883822,4689513.652230317
181732.0,4220.3330078125,-7105.251953125,40.79999923706055,671967.7517626213,4689513.6357713565
181733.0,4220.33251953125,-7105.251953125,40.900001525878906,671967.7739475704,4689512.73210601
181734.0,4220.33251953125,-7105.25146484375,41.0,671967.1035217232,4689512.715647115
181735.0,4220.33203125,-7105.2509765625,41.20000076293945,671966.4552806476,4689511.795522941
181736.0,4220.33203125,-7105.25048828125,41.400001525878906,671965.7848547145,4689511.779064175
181737.0,4220.33203125,-7105.25048828125,41.5,671965.7848547145,4689511.779064175
181738.0,4220.33203125,-7105.25,41.70000076293945,671965.1144287807,4689511.762605473
181739.0,4220.33203125,-7105.25,41.79999923706055,671965.1144287807,4689511.762605473
181740.0,4220.33154296875,-7105.2490234375,41.900001525878906,671963.7957613367,4689510.826022921
181741.0,4220.33154296875,-7105.24853515625,41.900001525878906,671963.1253353184,4689510.809564413
181742.0,4220.3310546875,-7105.24755859375,42.0,671961.806667441,4689509.872982249
181743.0,4220.33154296875,-7105.24658203125,42.0,671960.4436312461,4689510.74373102
181744.0,4220.3310546875,-7105.24560546875,42.0,671959.1249630239,4689509.807149372
181745.0,4220.33056640625,-7105.24462890625,42.099998474121094,671957.8062944545,4689508.870567982
181746.0,4220.330078125,-7105.24365234375,42.099998474121094,671956.4876255365,4689507.933986855
181747.0,4220.32958984375,-7105.24267578125,42.099998474121094,671955.16895627,4689506.997405986
181748.0,4220.3291015625,-7105.24169921875,42.20000076293945,671953.850286654,4689506.060825377
181749.0,4220.32861328125,-7105.24169921875,42.099998474121094,671953.872469757,4689505.157160049
181750.0,4220.32861328125,-7105.24169921875,42.29999923706055,671953.872469757,4689505.157160049
181751.0,4220.32861328125,-7105.24169921875,42.400001525878906,671953.872469757,4689505.157160049
181752.0,4220.32861328125,-7105.24169921875,42.400001525878906,671953.872469757,4689505.157160049
181753.0,4220.328125,-7105.2412109375,42.29999923706055,671953.2242262361,4689504.23703718
181754.0,4220.328125,-7105.2412109375,42.29999923706055,671953.2242262361,4689504.23703718
181755.0,4220.328125,-7105.2412109375,42.29999923706055,671953.2242262361,4689504.23703718
181756.0,4220.328125,-7105.24169921875,42.400001525878906,671953.8946528566,4689504.253494723
181757.0,4220.328125,-7105.24169921875,42.5,671953.8946528566,4689504.253494723
181758.0,4220.32861328125,-7105.2421875,42.599998474121094,671954.5428962902,4689505.173617657
181759.0,4220.32861328125,-7105.2421875,42.599998474121094,671954.5428962902,4689505.173617657
181800.0,4220.32861328125,-7105.24267578125,42.599998474121094,671955.2133228258,4689505.190075328
181801.0,4220.32861328125,-7105.2431640625,42.599998474121094,671955.8837493598,4689505.206533063
181802.0,4220.3291015625,-7105.2431640625,42.5,671955.861565997,4689506.110198392
181803.0,4220.3291015625,-7105.2431640625,42.400001525878906,671955.861565997,4689506.110198392
181804.0,4220.32958984375,-7105.2431640625,42.400001525878906,671955.8393826307,4689507.013863723
181805.0,4220.330078125,-7105.2431640625,42.400001525878906,671955.8171992609,4689507.917529053
181806.0,4220.33056640625,-7105.2431640625,42.5,671955.7950158876,4689508.821194385
181807.0,4220.33056640625,-7105.2431640625,42.79999923706055,671955.7950158876,4689508.821194385
181808.0,4220.33056640625,-7105.24365234375,43.0,671956.4654420766,4689508.837652187
181809.0,4220.3310546875,-7105.24365234375,43.400001525878906,671956.4432586133,4689509.741317522
181810.0,4220.3310546875,-7105.244140625,43.70000076293945,671957.113684715,4689509.757775389
181811.0,4220.3310546875,-7105.244140625,44.099998474121094,671957.113684715,4689509.757775389
181812.0,4220.33154296875,-7105.244140625,44.20000076293945,671957.0915011616,4689510.661440724
181813.0,4220.33203125,-7105.24462890625,44.400001525878906,671957.7397435346,4689511.581563991
181814.0,4220.33203125,-7105.2451171875,44.599998474121094,671958.4101694638,4689511.598021987
181815.0,4220.33251953125,-7105.24609375,44.79999923706055,671959.7288374186,4689512.534603509
181816.0,4220.3330078125,-7105.24609375,44.79999923706055,671959.7066535085,4689513.438268851
181817.0,4220.33349609375,-7105.24609375,44.70000076293945,671959.6844695949,4689514.341934193
181818.0,4220.33349609375,-7105.24609375,44.70000076293945,671959.6844695949,4689514.341934193
181819.0,4220.333984375,-7105.24609375,44.599998474121094,671959.6622856777,4689515.245599535
181820.0,4220.33447265625,-7105.24609375,44.5,671959.6401017571,4689516.1492648795
181821.0,4220.33447265625,-7105.24609375,44.400001525878906,671959.6401017571,4689516.1492648795
181822.0,4220.3349609375,-7105.24560546875,44.400001525878906,671958.9474924217,4689517.036472098
181823.0,4220.3349609375,-7105.24560546875,44.29999923706055,671958.9474924217,4689517.036472098
181824.0,4220.33544921875,-7105.24609375,44.29999923706055,671959.5957339057,4689517.956595571
181825.0,4220.3359375,-7105.24609375,44.29999923706055,671959.5735499746,4689518.860260919
181826.0,4220.33642578125,-7105.24609375,44.29999923706055,671959.55136604,4689519.763926267
181827.0,4220.3369140625,-7105.24609375,44.29999923706055,671959.5291821021,4689520.667591617
181828.0,4220.3369140625,-7105.24609375,44.29999923706055,671959.5291821021,4689520.667591617
181829.0,4220.33740234375,-7105.24658203125,44.400001525878906,671960.1774231395,4689521.587715159
181830.0,4220.33740234375,-7105.24658203125,44.29999923706055,671960.1774231395,4689521.587715159
181831.0,4220.337890625,-7105.24658203125,44.20000076293945,671960.1552391079,4689522.491380513
181832.0,4220.337890625,-7105.24658203125,44.099998474121094,671960.1552391079,4689522.491380513
181833.0,4220.337890625,-7105.24609375,44.0,671959.4848142157,4689522.474922319
181834.0,4220.337890625,-7105.24560546875,44.0,671958.8143893236,4689522.45846419
181835.0,4220.337890625,-7105.24560546875,43.900001525878906,671958.8143893236,4689522.45846419
181836.0,4220.33837890625,-7105.24560546875,43.599998474121094,671958.7922054618,4689523.362129543
181837.0,4220.33837890625,-7105.24560546875,43.599998474121094,671958.7922054618,4689523.362129543
181838.0,4220.3388671875,-7105.24560546875,43.5,671958.7700215965,4689524.2657948965
181839.0,4220.33837890625,-7105.24609375,43.400001525878906,671959.4626302671,4689523.3785876725
181840.0,4220.337890625,-7105.2470703125,43.20000076293945,671960.8256639995,4689522.50783877
181841.0,4220.33837890625,-7105.2470703125,43.0,671960.8034798779,4689523.411504125
181842.0,4220.33837890625,-7105.24755859375,43.0,671961.4739046843,4689523.427962447
181843.0,4220.33837890625,-7105.24755859375,42.79999923706055,671961.4739046843,4689523.427962447
181844.0,4220.33837890625,-7105.248046875,42.70000076293945,671962.1443294899,4689523.444420833
181845.0,4220.33837890625,-7105.248046875,42.599998474121094,671962.1443294899,4689523.444420833
181846.0,4220.33837890625,-7105.24853515625,42.599998474121094,671962.814754297,4689523.460879284
181847.0,4220.33837890625,-7105.24853515625,42.400001525878906,671962.814754297,4689523.460879284
181848.0,4220.33837890625,-7105.2490234375,42.29999923706055,671963.4851791033,4689523.477337799
181849.0,4220.33837890625,-7105.24853515625,42.400001525878906,671962.814754297,4689523.460879284
181850.0,4220.33837890625,-7105.2490234375,42.29999923706055,671963.4851791033,4689523.477337799
181851.0,4220.33837890625,-7105.2490234375,42.400001525878906,671963.4851791033,4689523.477337799
181852.0,4220.3388671875,-7105.24853515625,42.400001525878906,671962.7925699123,4689524.36454464
181853.0,4220.3388671875,-7105.24853515625,42.400001525878906,671962.7925699123,4689524.36454464
181854.0,4220.3388671875,-7105.24853515625,42.5,671962.7925699123,4689524.36454464
181855.0,4220.3388671875,-7105.2490234375,42.599998474121094,671963.462994632,4689524.381003155
181856.0,4220.3388671875,-7105.24951171875,42.5,671964.133419353,4689524.397461736
181857.0,4220.3388671875,-7105.25,42.599998474121094,671964.8038440745,4689524.413920379
181858.0,4220.33935546875,-7105.25,42.599998474121094,671964.7816594265,4689525.317585737
181859.0,4220.33935546875,-7105.25,42.599998474121094,671964.7816594265,4689525.317585737
181900.0,4220.33935546875,-7105.25048828125,42.70000076293945,671965.4520840617,4689525.334044445
181901.0,4220.33935546875,-7105.25048828125,42.79999923706055,671965.4520840617,4689525.334044445
181902.0,4220.33984375,-7105.2509765625,43.0,671966.1003238715,4689526.254168579
181903.0,4220.33984375,-7105.25146484375,43.099998474121094,671966.7707484209,4689526.270627417
181904.0,4220.33984375,-7105.25146484375,43.29999923706055,671966.7707484209,4689526.270627417
181905.0,4220.34033203125,-7105.251953125,43.599998474121094,671967.4189879681,4689527.190751682
181906.0,4220.34033203125,-7105.251953125,43.79999923706055,671967.4189879681,4689527.190751682
181907.0,4220.34033203125,-7105.25244140625,44.0,671968.0894124304,4689527.207210648
181908.0,4220.33984375,-7105.25244140625,44.099998474121094,671968.1115975182,4689526.303545284
181909.0,4220.33984375,-7105.25244140625,44.20000076293945,671968.1115975182,4689526.303545284
181910.0,4220.33984375,-7105.2529296875,44.400001525878906,671968.7820220685,4689526.320004314
181911.0,4220.33935546875,-7105.25341796875,44.599998474121094,671969.4746318777,4689525.432798046
181912.0,4220.3388671875,-7105.25390625,44.79999923706055,671970.1672418548,4689524.545591842
181913.0,4220.3388671875,-7105.25390625,44.900001525878906,671970.1672418548,4689524.545591842
181914.0,4220.33837890625,-7105.25390625,45.099998474121094,671970.1894271919,4689523.64192648
181915.0,4220.33837890625,-7105.25390625,45.20000076293945,671970.1894271919,4689523.64192648
181916.0,4220.33837890625,-7105.25390625,45.400001525878906,671970.1894271919,4689523.64192648
181917.0,4220.33837890625,-7105.25341796875,45.5,671969.5190023823,4689523.625467323
181918.0,4220.337890625,-7105.2529296875,45.70000076293945,671968.8707627314,4689522.705342871
181919.0,4220.337890625,-7105.25341796875,45.79999923706055,671969.5411876293,4689522.721801964
181920.0,4220.33740234375,-7105.25341796875,46.0,671969.563372873,4689521.818136605
181921.0,4220.33740234375,-7105.25390625,46.20000076293945,671970.2337978557,4689521.834595761
181922.0,4220.33740234375,-7105.25390625,46.29999923706055,671970.2337978557,4689521.834595761
181923.0,4220.33740234375,-7105.25390625,46.400001525878906,671970.2337978557,4689521.834595761
181924.0,4220.3369140625,-7105.25390625,46.5,671970.2559831823,4689520.930930404
181925.0,4220.3369140625,-7105.25341796875,46.599998474121094,671969.5855581131,4689520.914471248
181926.0,4220.3369140625,-7105.2529296875,46.70000076293945,671968.9151330419,4689520.898012157
181927.0,4220.3369140625,-7105.2529296875,46.70000076293945,671968.9151330419,4689520.898012157
181928.0,4220.33642578125,-7105.2529296875,46.70000076293945,671968.937318192,4689519.9943468
181929.0,4220.33642578125,-7105.2529296875,46.79999923706055,671968.937318192,4689519.9943468
181930.0,4220.3359375,-7105.25341796875,46.70000076293945,671969.6299285828,4689519.107140536
181931.0,4220.3359375,-7105.25341796875,46.599998474121094,671969.6299285828,4689519.107140536
181932.0,4220.3359375,-7105.25341796875,46.70000076293945,671969.6299285828,4689519.107140536
181933.0,4220.3359375,-7105.25390625,46.79999923706055,671970.3003538252,4689519.123599691
181934.0,4220.3359375,-7105.25439453125,46.900001525878906,671970.970779068,4689519.1400589105
181935.0,4220.3359375,-7105.2548828125,47.0,671971.6412043121,4689519.156518194
181936.0,4220.3359375,-7105.25537109375,47.0,671972.3116295557,4689519.172977542
181937.0,4220.3359375,-7105.25537109375,47.0,671972.3116295557,4689519.172977542
181938.0,4220.33642578125,-7105.2548828125,47.099998474121094,671971.6190188193,4689520.060183551
181939.0,4220.33642578125,-7105.2548828125,47.0,671971.6190188193,4689520.060183551
181940.0,4220.33642578125,-7105.25439453125,47.099998474121094,671970.9485936617,4689520.043724267
181941.0,4220.33642578125,-7105.25439453125,47.29999923706055,671970.9485936617,4689520.043724267
181942.0,4220.3369140625,-7105.2548828125,47.400001525878906,671971.596833323,4689520.963848908
181943.0,4220.3369140625,-7105.25439453125,47.70000076293945,671970.926408252,4689520.947389624
181944.0,4220.3369140625,-7105.2548828125,47.70000076293945,671971.596833323,4689520.963848908
181945.0,4220.3369140625,-7105.25439453125,47.70000076293945,671970.926408252,4689520.947389624
181946.0,4220.3369140625,-7105.25439453125,47.79999923706055,671970.926408252,4689520.947389624
181947.0,4220.3369140625,-7105.2548828125,48.0,671971.596833323,4689520.963848908
181948.0,4220.3369140625,-7105.2548828125,48.099998474121094,671971.596833323,4689520.963848908
181949.0,4220.3369140625,-7105.2548828125,48.099998474121094,671971.596833323,4689520.963848908
181950.0,4220.3369140625,-7105.2548828125,48.099998474121094,671971.596833323,4689520.963848908
181951.0,4220.3369140625,-7105.2548828125,48.20000076293945,671971.596833323,4689520.963848908
181952.0,4220.33740234375,-7105.25537109375,48.20000076293945,671972.245072807,4689521.883973615
181953.0,4220.33740234375,-7105.25537109375,48.099998474121094,671972.245072807,4689521.883973615
181954.0,4220.33740234375,-7105.255859375,47.900001525878906,671972.915497792,4689521.900433028
181955.0,4220.33740234375,-7105.255859375,47.79999923706055,671972.915497792,4689521.900433028
181956.0,4220.337890625,-7105.25634765625,47.70000076293945,671973.5637370134,4689522.820557868
181957.0,4220.337890625,-7105.25634765625,47.599998474121094,671973.5637370134,4689522.820557868
181958.0,4220.337890625,-7105.25634765625,47.400001525878906,671973.5637370134,4689522.820557868
181959.0,4220.33740234375,-7105.255859375,47.20000076293945,671972.915497792,4689521.900433028
182000.0,4220.33740234375,-7105.25634765625,46.900001525878906,671973.5859227764,4689521.916892506
182001.0,4220.337890625,-7105.25634765625,46.599998474121094,671973.5637370134,4689522.820557868
182002.0,4220.337890625,-7105.2568359375,46.400001525878906,671974.2341619125,4689522.8370174095
182003.0,4220.337890625,-7105.2568359375,46.29999923706055,671974.2341619125,4689522.8370174095
182004.0,4220.337890625,-7105.25732421875,46.29999923706055,671974.904586812,4689522.853477016
182005.0,4220.33837890625,-7105.2578125,46.20000076293945,671975.5528256856,4689523.77360205
182006.0,4220.337890625,-7105.2578125,46.20000076293945,671975.5750117118,4689522.869936687
182007.0,4220.33837890625,-7105.25830078125,46.20000076293945,671976.2232504981,4689523.790061786
182008.0,4220.33837890625,-7105.2587890625,46.20000076293945,671976.8936753119,4689523.806521585
182009.0,4220.33837890625,-7105.25927734375,46.099998474121094,671977.5641001252,4689523.82298145
182010.0,4220.33837890625,-7105.259765625,45.900001525878906,671978.2345249398,4689523.839441377
182011.0,4220.33837890625,-7105.26025390625,45.79999923706055,671978.9049497535,4689523.855901369
182012.0,4220.33837890625,-7105.2607421875,45.599998474121094,671979.5753745699,4689523.872361426
182013.0,4220.3388671875,-7105.2607421875,45.5,671979.5531880207,4689524.776026793
182014.0,4220.3388671875,-7105.2607421875,45.29999923706055,671979.5531880207,4689524.776026793
182015.0,4220.3388671875,-7105.2607421875,45.29999923706055,671979.5531880207,4689524.776026793
182016.0,4220.3388671875,-7105.2607421875,45.20000076293945,671979.5531880207,4689524.776026793
182017.0,4220.3388671875,-7105.26025390625,45.099998474121094,671978.882763291,4689524.7595667355
182018.0,4220.33837890625,-7105.26025390625,44.900001525878906,671978.9049497535,4689523.855901369
182019.0,4220.33837890625,-7105.26025390625,44.70000076293945,671978.9049497535,4689523.855901369
182020.0,4220.33837890625,-7105.26025390625,44.599998474121094,671978.9049497535,4689523.855901369
182021.0,4220.33837890625,-7105.259765625,44.5,671978.2345249398,4689523.839441377
182022.0,4220.33837890625,-7105.259765625,44.29999923706055,671978.2345249398,4689523.839441377
182023.0,4220.33837890625,-7105.26025390625,44.099998474121094,671978.9049497535,4689523.855901369
182024.0,4220.3388671875,-7105.26025390625,43.79999923706055,671978.882763291,4689524.7595667355
182025.0,4220.3388671875,-7105.26025390625,43.400001525878906,671978.882763291,4689524.7595667355
182026.0,4220.33837890625,-7105.259765625,43.20000076293945,671978.2345249398,4689523.839441377
182027.0,4220.33837890625,-7105.259765625,43.0,671978.2345249398,4689523.839441377
182028.0,4220.33837890625,-7105.259765625,43.0,671978.2345249398,4689523.839441377
182029.0,4220.3388671875,-7105.259765625,42.900001525878906,671978.2123385638,4689524.743106743
182030.0,4220.33935546875,-7105.259765625,42.79999923706055,671978.1901521843,4689525.646772111
182031.0,4220.33935546875,-7105.259765625,42.599998474121094,671978.1901521843,4689525.646772111
182032.0,4220.33984375,-7105.26025390625,42.400001525878906,671978.8383903555,4689526.566897472
182033.0,4220.33935546875,-7105.259765625,42.20000076293945,671978.1901521843,4689525.646772111
182034.0,4220.3388671875,-7105.25927734375,42.20000076293945,671977.5419138358,4689524.726646815
182035.0,4220.3388671875,-7105.25927734375,42.099998474121094,671977.5419138358,4689524.726646815
182036.0,4220.33837890625,-7105.25830078125,42.099998474121094,671976.2232504981,4689523.790061786
182037.0,4220.33837890625,-7105.2578125,42.099998474121094,671975.5528256856,4689523.77360205
182038.0,4220.337890625,-7105.2578125,42.20000076293945,671975.5750117118,4689522.869936687
182039.0,4220.337890625,-7105.25732421875,42.20000076293945,671974.904586812,4689522.853477016
182040.0,4220.337890625,-7105.25732421875,42.099998474121094,671974.904586812,4689522.853477016
182041.0,4220.337890625,-7105.25732421875,41.900001525878906,671974.904586812,4689522.853477016
182042.0,4220.337890625,-7105.2578125,41.70000076293945,671975.5750117118,4689522.869936687
182043.0,4220.33837890625,-7105.25830078125,41.5,671976.2232504981,4689523.790061786
182044.0,4220.33837890625,-7105.2587890625,41.400001525878906,671976.8936753119,4689523.806521585
182045.0,4220.33837890625,-7105.2587890625,41.29999923706055,671976.8936753119,4689523.806521585
182046.0,4220.3388671875,-7105.25927734375,41.20000076293945,671977.5419138358,4689524.726646815
182047.0,4220.3388671875,-7105.25927734375,41.20000076293945,671977.5419138358,4689524.726646815
182048.0,4220.33935546875,-7105.259765625,41.20000076293945,671978.1901521843,4689525.646772111
182049.0,4220.33984375,-7105.26025390625,41.099998474121094,671978.8383903555,4689526.566897472
182050.0,4220.34033203125,-7105.26123046875,41.20000076293945,671980.1570528205,4689527.503483024
182051.0,4220.34033203125,-7105.26171875,41.20000076293945,671980.8274772901,4689527.51994321
182052.0,4220.3408203125,-7105.26171875,41.20000076293945,671980.8052905538,4689528.423608583
182053.0,4220.34130859375,-7105.26171875,41.29999923706055,671980.7831038141,4689529.327273957
182054.0,4220.34130859375,-7105.26171875,41.29999923706055,671980.7831038141,4689529.327273957
182055.0,4220.34130859375,-7105.26171875,41.29999923706055,671980.7831038141,4689529.327273957
182056.0,4220.341796875,-7105.26220703125,41.29999923706055,671981.43134128,4689530.247399583
182057.0,4220.341796875,-7105.26220703125,41.29999923706055,671981.43134128,4689530.247399583
182058.0,4220.341796875,-7105.26171875,41.29999923706055,671980.760917071,4689530.2309393305
182059.0,4220.341796875,-7105.26220703125,41.29999923706055,671981.43134128,4689530.247399583
182100.0,4220.341796875,-7105.26220703125,41.20000076293945,671981.43134128,4689530.247399583
182101.0,4220.341796875,-7105.26220703125,41.20000076293945,671981.43134128,4689530.247399583
182102.0,4220.341796875,-7105.26220703125,41.0,671981.43134128,4689530.247399583
182103.0,4220.34130859375,-7105.26220703125,40.900001525878906,671981.4535281098,4689529.343734209
182104.0,4220.34130859375,-7105.26171875,40.79999923706055,671980.7831038141,4689529.327273957
182105.0,4220.3408203125,-7105.26123046875,40.70000076293945,671980.1348661708,4689528.407148396
182106.0,4220.3408203125,-7105.26123046875,40.70000076293945,671980.1348661708,4689528.407148396
182107.0,4220.3408203125,-7105.26123046875,40.599998474121094,671980.1348661708,4689528.407148396
182108.0,4220.34033203125,-7105.26123046875,40.599998474121094,671980.1570528205,4689527.503483024
182109.0,4220.34033203125,-7105.26123046875,40.5,671980.1570528205,4689527.503483024
182110.0,4220.3408203125,-7105.26123046875,40.599998474121094,671980.1348661708,4689528.407148396
182111.0,4220.3408203125,-7105.26123046875,40.599998474121094,671980.1348661708,4689528.407148396
182112.0,4220.34033203125,-7105.26171875,40.5,671980.8274772901,4689527.51994321
182113.0,4220.34033203125,-7105.26171875,40.5,671980.8274772901,4689527.51994321
182114.0,4220.34033203125,-7105.26123046875,40.5,671980.1570528205,4689527.503483024
182115.0,4220.34033203125,-7105.26123046875,40.5,671980.1570528205,4689527.503483024
182116.0,4220.34033203125,-7105.26171875,40.5,671980.8274772901,4689527.51994321
182117.0,4220.33984375,-7105.26171875,40.400001525878906,671980.8496640228,4689526.616277839
182118.0,4220.33984375,-7105.26171875,40.29999923706055,671980.8496640228,4689526.616277839
182119.0,4220.33984375,-7105.26123046875,40.29999923706055,671980.1792394667,4689526.599817652
182120.0,4220.34033203125,-7105.26171875,40.29999923706055,671980.8274772901,4689527.51994321
182121.0,4220.34033203125,-7105.26171875,40.099998474121094,671980.8274772901,4689527.51994321
182122.0,4220.34033203125,-7105.26171875,39.900001525878906,671980.8274772901,4689527.51994321
182123.0,4220.34033203125,-7105.26171875,39.900001525878906,671980.8274772901,4689527.51994321
182124.0,4220.34033203125,-7105.26171875,39.900001525878906,671980.8274772901,4689527.51994321
182125.0,4220.33984375,-7105.26171875,39.900001525878906,671980.8496640228,4689526.616277839
182126.0,4220.34033203125,-7105.26171875,40.0,671980.8274772901,4689527.51994321
182127.0,4220.33984375,-7105.26171875,40.099998474121094,671980.8496640228,4689526.616277839
182128.0,4220.33984375,-7105.26123046875,40.20000076293945,671980.1792394667,4689526.599817652
182129.0,4220.33984375,-7105.2607421875,40.29999923706055,671979.5088149119,4689526.583357531
182130.0,4220.33984375,-7105.259765625,40.400001525878906,671978.1679658012,4689526.550437479
182131.0,4220.33984375,-7105.25927734375,40.599998474121094,671977.4975412465,4689526.53397755
182132.0,4220.33984375,-7105.25927734375,40.70000076293945,671977.4975412465,4689526.53397755
182133.0,4220.33984375,-7105.2587890625,40.79999923706055,671976.827116693,4689526.517517685
182134.0,4220.33984375,-7105.25927734375,41.0,671977.4975412465,4689526.53397755
182135.0,4220.33984375,-7105.259765625,41.20000076293945,671978.1679658012,4689526.550437479
182136.0,4220.34033203125,-7105.259765625,41.20000076293945,671978.1457794148,4689527.45410285
182137.0,4220.34033203125,-7105.259765625,41.29999923706055,671978.1457794148,4689527.45410285
182138.0,4220.3408203125,-7105.259765625,41.5,671978.1235930249,4689528.35776822
182139.0,4220.34033203125,-7105.2607421875,41.5,671979.4866283524,4689527.487022902
182140.0,4220.34033203125,-7105.26123046875,41.5,671980.1570528205,4689527.503483024
182141.0,4220.34033203125,-7105.26123046875,41.599998474121094,671980.1570528205,4689527.503483024
182142.0,4220.34033203125,-7105.26123046875,41.70000076293945,671980.1570528205,4689527.503483024
182143.0,4220.34033203125,-7105.2607421875,41.79999923706055,671979.4866283524,4689527.487022902
182144.0,4220.33984375,-7105.26025390625,41.900001525878906,671978.8383903555,4689526.566897472
182145.0,4220.33984375,-7105.25927734375,42.099998474121094,671977.4975412465,4689526.53397755
182146.0,4220.33935546875,-7105.2587890625,42.099998474121094,671976.8493029028,4689525.613852317
182147.0,4220.33837890625,-7105.25830078125,42.29999923706055,671976.2232504981,4689523.790061786
182148.0,4220.337890625,-7105.25830078125,42.5,671976.2454366109,4689522.886396422
182149.0,4220.33740234375,-7105.2578125,42.599998474121094,671975.5971977345,4689521.966271324
182150.0,4220.33740234375,-7105.2578125,42.900001525878906,671975.5971977345,4689521.966271324
182151.0,4220.337890625,-7105.25732421875,43.099998474121094,671974.904586812,4689522.853477016
182152.0,4220.33740234375,-7105.25732421875,43.400001525878906,671974.9267727481,4689521.949811654
182153.0,4220.3369140625,-7105.25732421875,43.5,671974.9489586808,4689521.046146294
182154.0,4220.33642578125,-7105.25732421875,43.599998474121094,671974.9711446101,4689520.142480933
182155.0,4220.3359375,-7105.25732421875,43.79999923706055,671974.9933305357,4689519.238815575
182156.0,4220.3359375,-7105.2578125,44.0,671975.663755782,4689519.255275245
182157.0,4220.33544921875,-7105.2578125,44.20000076293945,671975.6859417907,4689518.351609886
182158.0,4220.33544921875,-7105.25830078125,44.29999923706055,671976.3563671226,4689518.368069619
182159.0,4220.33544921875,-7105.25830078125,44.5,671976.3563671226,4689518.368069619
182200.0,4220.3359375,-7105.2578125,44.5,671975.663755782,4689519.255275245
182201.0,4220.33642578125,-7105.2578125,44.599998474121094,671975.6415697696,4689520.158940603
182202.0,4220.3359375,-7105.2578125,44.599998474121094,671975.663755782,4689519.255275245
182203.0,4220.3359375,-7105.2578125,44.5,671975.663755782,4689519.255275245
182204.0,4220.33544921875,-7105.2578125,44.400001525878906,671975.6859417907,4689518.351609886
182205.0,4220.33544921875,-7105.25732421875,44.400001525878906,671975.015516458,4689518.335150217
182206.0,4220.3349609375,-7105.25732421875,44.5,671975.0377023767,4689517.43148486
182207.0,4220.33447265625,-7105.2578125,44.70000076293945,671975.7303137977,4689516.544279172
182208.0,4220.333984375,-7105.2578125,44.900001525878906,671975.7524997961,4689515.640613819
182209.0,4220.33349609375,-7105.25830078125,45.0,671976.4451114692,4689514.753408196
182210.0,4220.3330078125,-7105.25830078125,45.0,671976.4672975471,4689513.849742843
182211.0,4220.33251953125,-7105.25830078125,44.79999923706055,671976.4894836217,4689512.946077491
182212.0,4220.33203125,-7105.25830078125,44.70000076293945,671976.5116696926,4689512.0424121395
182213.0,4220.33203125,-7105.2587890625,44.599998474121094,671977.182095632,4689512.058871934
182214.0,4220.33203125,-7105.2587890625,44.599998474121094,671977.182095632,4689512.058871934
182215.0,4220.33154296875,-7105.2587890625,44.5,671977.204281786,4689511.155206585
182216.0,4220.33154296875,-7105.25927734375,44.400001525878906,671977.8747078113,4689511.1716664415
182217.0,4220.33154296875,-7105.25830078125,44.29999923706055,671976.53385576,4689511.1387467915
182218.0,4220.33154296875,-7105.2578125,44.29999923706055,671975.8634297355,4689511.122287062
182219.0,4220.33154296875,-7105.25732421875,44.29999923706055,671975.1930037102,4689511.105827397
182220.0,4220.3310546875,-7105.2568359375,44.400001525878906,671974.5447634896,4689510.18570245
182221.0,4220.3310546875,-7105.25634765625,44.400001525878906,671973.8743373783,4689510.169242914
182222.0,4220.33056640625,-7105.255859375,44.5,671973.2260968962,4689509.249118095
182223.0,4220.330078125,-7105.255859375,44.599998474121094,671973.2482825203,4689508.345452752
182224.0,4220.32958984375,-7105.255859375,44.70000076293945,671973.270468141,4689507.441787409
182225.0,4220.3291015625,-7105.25537109375,44.79999923706055,671972.6222273014,4689506.521662662
182226.0,4220.328125,-7105.2548828125,45.0,671971.9961717235,4689504.6978726415
182227.0,4220.32763671875,-7105.25439453125,45.099998474121094,671971.3479304411,4689503.777748029
182228.0,4220.3271484375,-7105.25390625,45.099998474121094,671970.6996889836,4689502.857623481
182229.0,4220.32763671875,-7105.25390625,45.099998474121094,671970.6775037267,4689503.761288817
182230.0,4220.32763671875,-7105.25341796875,45.0,671970.0070770124,4689503.74482967
182231.0,4220.32763671875,-7105.2529296875,44.900001525878906,671969.3366502965,4689503.728370586
182232.0,4220.3271484375,-7105.2529296875,44.900001525878906,671969.3588353803,4689502.8247052515
182233.0,4220.3271484375,-7105.2529296875,44.79999923706055,671969.3588353803,4689502.8247052515
182234.0,4220.3271484375,-7105.2529296875,44.70000076293945,671969.3588353803,4689502.8247052515
182235.0,4220.3271484375,-7105.25244140625,44.5,671968.6884085791,4689502.808246232
182236.0,4220.3271484375,-7105.25244140625,44.29999923706055,671968.6884085791,4689502.808246232
182237.0,4220.32763671875,-7105.25244140625,44.099998474121094,671968.6662235819,4689503.7119115675
182238.0,4220.328125,-7105.2529296875,43.900001525878906,671969.3144652091,4689504.632035921
182239.0,4220.32861328125,-7105.25341796875,43.79999923706055,671969.9627066612,4689505.552160343
182240.0,4220.3291015625,-7105.25390625,43.79999923706055,671970.6109479349,4689506.47228483
182241.0,4220.32958984375,-7105.2548828125,43.79999923706055,671971.9296154019,4689507.408868661
182242.0,4220.330078125,-7105.255859375,43.79999923706055,671973.2482825203,4689508.345452752
182243.0,4220.33056640625,-7105.2578125,43.900001525878906,671975.9078016868,4689509.314956365
182244.0,4220.3310546875,-7105.25830078125,43.900001525878906,671976.556041824,4689510.235081444
182245.0,4220.33154296875,-7105.25830078125,44.0,671976.53385576,4689511.1387467915
182246.0,4220.33203125,-7105.2587890625,43.900001525878906,671977.182095632,4689512.058871934
182247.0,4220.33203125,-7105.2587890625,43.79999923706055,671977.182095632,4689512.058871934
182248.0,4220.33203125,-7105.2587890625,43.79999923706055,671977.182095632,4689512.058871934
182249.0,4220.33251953125,-7105.2587890625,43.70000076293945,671977.1599094744,4689512.962537284
182250.0,4220.33251953125,-7105.2587890625,43.599998474121094,671977.1599094744,4689512.962537284
182251.0,4220.33251953125,-7105.2587890625,43.599998474121094,671977.1599094744,4689512.962537284
182252.0,4220.33251953125,-7105.2587890625,43.70000076293945,671977.1599094744,4689512.962537284
182253.0,4220.3330078125,-7105.2587890625,43.599998474121094,671977.1377233134,4689513.866202638
182254.0,4220.3330078125,-7105.2587890625,43.5,671977.1377233134,4689513.866202638
182255.0,4220.3330078125,-7105.2587890625,43.5,671977.1377233134,4689513.866202638
182256.0,4220.33349609375,-7105.25927734375,43.400001525878906,671977.7859628279,4689514.786327851
182257.0,4220.33447265625,-7105.2587890625,43.0,671977.0711648094,4689516.577198701
182258.0,4220.33447265625,-7105.2587890625,42.79999923706055,671977.0711648094,4689516.577198701
182259.0,4220.3349609375,-7105.2587890625,42.70000076293945,671977.0489786344,4689517.480864056
182300.0,4220.33544921875,-7105.2587890625,42.70000076293945,671977.0267924559,4689518.3845294155
182301.0,4220.3359375,-7105.25927734375,42.70000076293945,671977.6750315201,4689519.304654636
182302.0,4220.3359375,-7105.2587890625,42.79999923706055,671977.0046062741,4689519.288194775
182303.0,4220.3359375,-7105.2587890625,42.900001525878906,671977.0046062741,4689519.288194775
182304.0,4220.3359375,-7105.2587890625,42.900001525878906,671977.0046062741,4689519.288194775
182305.0,4220.3359375,-7105.2587890625,43.0,671977.0046062741,4689519.288194775
182306.0,4220.3359375,-7105.2587890625,43.0,671977.0046062741,4689519.288194775
182307.0,4220.3359375,-7105.25830078125,43.20000076293945,671976.3341810273,4689519.271734977
182308.0,4220.33544921875,-7105.25830078125,43.099998474121094,671976.3563671226,4689518.368069619
182309.0,4220.33544921875,-7105.2587890625,43.099998474121094,671977.0267924559,4689518.3845294155
182310.0,4220.33544921875,-7105.2587890625,42.900001525878906,671977.0267924559,4689518.3845294155
182311.0,4220.33544921875,-7105.2587890625,42.599998474121094,671977.0267924559,4689518.3845294155
182312.0,4220.3349609375,-7105.2587890625,42.5,671977.0489786344,4689517.480864056
182313.0,4220.3349609375,-7105.2587890625,42.5,671977.0489786344,4689517.480864056
182314.0,4220.3349609375,-7105.2587890625,42.5,671977.0489786344,4689517.480864056
182315.0,4220.3349609375,-7105.2587890625,42.5,671977.0489786344,4689517.480864056
182316.0,4220.3349609375,-7105.2587890625,42.400001525878906,671977.0489786344,4689517.480864056
182317.0,4220.33544921875,-7105.259765625,42.400001525878906,671978.3676431226,4689518.417449201
182318.0,4220.33544921875,-7105.259765625,42.5,671978.3676431226,4689518.417449201
182319.0,4220.3359375,-7105.26025390625,42.5,671979.0158820142,4689519.337574552
182320.0,4220.33642578125,-7105.2607421875,42.5,671979.6641207316,4689520.257699967
182321.0,4220.3369140625,-7105.26123046875,42.70000076293945,671980.3123592706,4689521.17782545
182322.0,4220.33740234375,-7105.26171875,42.79999923706055,671980.9605976343,4689522.097950998
182323.0,4220.33740234375,-7105.26220703125,42.599998474121094,671981.6310226227,4689522.114411246
182324.0,4220.337890625,-7105.26220703125,42.29999923706055,671981.6088358208,4689523.018076613
182325.0,4220.337890625,-7105.26220703125,42.0,671981.6088358208,4689523.018076613
182326.0,4220.337890625,-7105.26220703125,41.70000076293945,671981.6088358208,4689523.018076613
182327.0,4220.337890625,-7105.26220703125,41.400001525878906,671981.6088358208,4689523.018076613
182328.0,4220.337890625,-7105.26220703125,41.099998474121094,671981.6088358208,4689523.018076613
182329.0,4220.33837890625,-7105.26220703125,40.900001525878906,671981.5866490153,4689523.92174198
182330.0,4220.33837890625,-7105.26220703125,40.70000076293945,671981.5866490153,4689523.92174198
182331.0,4220.33837890625,-7105.26220703125,40.599998474121094,671981.5866490153,4689523.92174198
182332.0,4220.33837890625,-7105.26171875,40.400001525878906,671980.9162242003,4689523.905281732
182333.0,4220.33837890625,-7105.26171875,40.20000076293945,671980.9162242003,4689523.905281732
182334.0,4220.33837890625,-7105.26171875,40.099998474121094,671980.9162242003,4689523.905281732
182335.0,4220.3388671875,-7105.26123046875,40.099998474121094,671980.2236127487,4689524.792486914
182336.0,4220.3388671875,-7105.26123046875,40.20000076293945,671980.2236127487,4689524.792486914
182337.0,4220.3388671875,-7105.26123046875,40.099998474121094,671980.2236127487,4689524.792486914
182338.0,4220.33935546875,-7105.26123046875,40.099998474121094,671980.2014261094,4689525.696152283
182339.0,4220.33935546875,-7105.26123046875,40.099998474121094,671980.2014261094,4689525.696152283
182340.0,4220.33935546875,-7105.26123046875,40.0,671980.2014261094,4689525.696152283
182341.0,4220.33935546875,-7105.2607421875,40.0,671979.5310014681,4689525.67969216
182342.0,4220.33984375,-7105.26123046875,40.0,671980.1792394667,4689526.599817652
182343.0,4220.33984375,-7105.26123046875,40.099998474121094,671980.1792394667,4689526.599817652
182344.0,4220.33984375,-7105.26171875,40.099998474121094,671980.8496640228,4689526.616277839
182345.0,4220.33984375,-7105.26123046875,40.20000076293945,671980.1792394667,4689526.599817652
182346.0,4220.33984375,-7105.26171875,40.29999923706055,671980.8496640228,4689526.616277839
182347.0,4220.33984375,-7105.26123046875,40.29999923706055,671980.1792394667,4689526.599817652
182348.0,4220.33935546875,-7105.2607421875,40.400001525878906,671979.5310014681,4689525.67969216
182349.0,4220.33935546875,-7105.26025390625,40.5,671978.860576825,4689525.663232104
182350.0,4220.3388671875,-7105.259765625,40.5,671978.2123385638,4689524.743106743
182351.0,4220.3388671875,-7105.25927734375,40.5,671977.5419138358,4689524.726646815
182352.0,4220.3388671875,-7105.25927734375,40.5,671977.5419138358,4689524.726646815
182353.0,4220.3388671875,-7105.25927734375,40.5,671977.5419138358,4689524.726646815
182354.0,4220.3388671875,-7105.2587890625,40.5,671976.8714891092,4689524.710186951
182355.09375,4220.3388671875,-7105.25830078125,40.599998474121094,671976.2010643819,4689524.6937271515
182356.0,4220.33837890625,-7105.2587890625,40.70000076293945,671976.8936753119,4689523.806521585
182357.0,4220.33837890625,-7105.2587890625,40.79999923706055,671976.8936753119,4689523.806521585
182358.0,4220.337890625,-7105.25927734375,40.79999923706055,671977.5862864112,4689522.919316084
182359.0,4220.33740234375,-7105.25927734375,40.70000076293945,671977.6084726937,4689522.015650719
182400.0,4220.3369140625,-7105.25927734375,40.5,671977.6306589725,4689521.111985358
182401.0,4220.3369140625,-7105.25927734375,40.29999923706055,671977.6306589725,4689521.111985358
182402.0,4220.3369140625,-7105.25927734375,40.0,671977.6306589725,4689521.111985358
182403.0,4220.33740234375,-7105.2587890625,39.5,671976.9380477073,4689521.999190857
182404.0,4220.337890625,-7105.25927734375,38.70000076293945,671977.5862864112,4689522.919316084
182405.0,4220.337890625,-7105.2587890625,38.900001525878906,671976.9158615114,4689522.902856221
182406.0,4220.33837890625,-7105.2587890625,38.79999923706055,671976.8936753119,4689523.806521585
182407.0,4220.33837890625,-7105.2587890625,38.099998474121094,671976.8936753119,4689523.806521585
182408.0,4220.3388671875,-7105.2578125,38.0,671975.5306396559,4689524.677267415
182409.0,4220.3388671875,-7105.25732421875,38.0,671974.8602149292,4689524.660807744
182410.0,4220.33935546875,-7105.25732421875,38.400001525878906,671974.8380289825,4689525.564473108
182411.0,4220.33984375,-7105.2568359375,38.5,671974.1454184793,4689526.451678867
182412.0,4220.33984375,-7105.2568359375,38.5,671974.1454184793,4689526.451678867
182413.0,4220.34033203125,-7105.2568359375,38.70000076293945,671974.1232326123,4689527.355344235
182414.0,4220.3408203125,-7105.2568359375,38.79999923706055,671974.1010467417,4689528.2590096025
182415.0,4220.3408203125,-7105.2568359375,39.0,671974.1010467417,4689528.2590096025
182416.0,4220.3408203125,-7105.25732421875,38.400001525878906,671974.7714711218,4689528.275469212
182417.0,4220.3408203125,-7105.2578125,37.29999923706055,671975.4418955022,4689528.291928885
182418.0,4220.3408203125,-7105.2587890625,36.70000076293945,671976.7827442628,4689528.324848424
182419.0,4220.34130859375,-7105.25927734375,34.70000076293945,671977.4309823364,4689529.244973662
182420.0,4220.34130859375,-7105.259765625,33.29999923706055,671978.1014066315,4689529.261433593
182421.0,4220.34228515625,-7105.26025390625,31.899999618530273,671978.7274579554,4689531.085224337
182422.0,4220.3427734375,-7105.2607421875,31.5,671979.375695502,4689532.005349772
182423.0,4220.34326171875,-7105.2607421875,31.299999237060547,671979.3535089216,4689532.909015147
182424.0,4220.34326171875,-7105.2607421875,30.899999618530273,671979.3535089216,4689532.909015147
182425.0,4220.34375,-7105.259765625,32.599998474121094,671977.990474612,4689533.779760469
182426.0,4220.34375,-7105.259765625,32.70000076293945,671977.990474612,4689533.779760469
182427.0,4220.34423828125,-7105.25927734375,32.900001525878906,671977.297864422,4689534.666965914
182428.0,4220.34423828125,-7105.25927734375,32.599998474121094,671977.297864422,4689534.666965914
182429.0,4220.34423828125,-7105.25927734375,32.099998474121094,671977.297864422,4689534.666965914
182430.0,4220.34423828125,-7105.25927734375,31.700000762939453,671977.297864422,4689534.666965914
182431.0,4220.34423828125,-7105.25927734375,31.299999237060547,671977.297864422,4689534.666965914
182432.0,4220.34375,-7105.25927734375,30.600000381469727,671977.3200507498,4689533.763300536
182433.0,4220.34375,-7105.25927734375,30.0,671977.3200507498,4689533.763300536
182434.0,4220.34326171875,-7105.2587890625,29.5,671976.6718131267,4689532.84317529
182435.0,4220.34326171875,-7105.2587890625,29.200000762939453,671976.6718131267,4689532.84317529
182436.0,4220.3427734375,-7105.2587890625,28.799999237060547,671976.6939993608,4689531.939509915
182437.0,4220.3427734375,-7105.25830078125,28.5,671976.0235753261,4689531.923050113
182438.0,4220.3427734375,-7105.25830078125,28.100000381469727,671976.0235753261,4689531.923050113
182439.0,4220.3427734375,-7105.2578125,27.700000762939453,671975.3531512928,4689531.906590373
182440.0,4220.3427734375,-7105.2578125,27.399999618530273,671975.3531512928,4689531.906590373
182441.0,4220.34228515625,-7105.25732421875,27.5,671974.7049132297,4689530.9864653265
182442.0,4220.3427734375,-7105.2568359375,27.200000762939453,671974.0123032249,4689531.873671087
182443.0,4220.3427734375,-7105.255859375,27.299999237060547,671972.6714551593,4689531.840752058
182444.0,4220.34228515625,-7105.2548828125,27.399999618530273,671971.3527926333,4689530.904167917
182445.0,4220.34228515625,-7105.25439453125,27.399999618530273,671970.6823685146,4689530.887708627
182446.0,4220.341796875,-7105.25341796875,27.100000381469727,671969.3637055553,4689529.951124871
182447.0,4220.341796875,-7105.25390625,26.700000762939453,671970.0341297588,4689529.967584032
182448.0,4220.34130859375,-7105.25439453125,26.399999618530273,671970.7267394073,4689529.08037789
182449.0,4220.34130859375,-7105.25390625,26.399999618530273,671970.0563151168,4689529.063918665
182450.0,4220.3408203125,-7105.25341796875,26.399999618530273,671969.4080760947,4689528.143794138
182451.0,4220.3408203125,-7105.25341796875,26.399999618530273,671969.4080760947,4689528.143794138
182452.0,4220.3408203125,-7105.25341796875,26.399999618530273,671969.4080760947,4689528.143794138
182453.0,4220.3408203125,-7105.25341796875,26.399999618530273,671969.4080760947,4689528.143794138
182454.0,4220.34130859375,-7105.25341796875,26.5,671969.3858908267,4689529.0474595055
182455.0,4220.34130859375,-7105.25341796875,26.600000381469727,671969.3858908267,4689529.0474595055
182456.0,4220.34130859375,-7105.2529296875,26.600000381469727,671968.7154665348,4689529.031000409
182457.0,4220.34130859375,-7105.25341796875,26.5,671969.3858908267,4689529.0474595055
182458.0,4220.34130859375,-7105.25341796875,26.299999237060547,671969.3858908267,4689529.0474595055
182459.0,4220.341796875,-7105.25341796875,26.200000762939453,671969.3637055553,4689529.951124871
182500.0,4220.34130859375,-7105.25341796875,26.299999237060547,671969.3858908267,4689529.0474595055
182501.0,4220.34130859375,-7105.25341796875,26.299999237060547,671969.3858908267,4689529.0474595055
182502.0,4220.34130859375,-7105.25341796875,26.100000381469727,671969.3858908267,4689529.0474595055
182503.0,4220.341796875,-7105.25390625,26.0,671970.0341297588,4689529.967584032
182504.0,4220.341796875,-7105.25390625,25.899999618530273,671970.0341297588,4689529.967584032
182505.0,4220.34130859375,-7105.25439453125,25.899999618530273,671970.7267394073,4689529.08037789
182506.0,4220.34130859375,-7105.2548828125,25.799999237060547,671971.3971636991,4689529.096837177
182507.0,4220.34130859375,-7105.2548828125,25.700000762939453,671971.3971636991,4689529.096837177
182508.0,4220.34130859375,-7105.2548828125,25.5,671971.3971636991,4689529.096837177
182509.0,4220.34130859375,-7105.2548828125,25.399999618530273,671971.3971636991,4689529.096837177
182510.0,4220.34130859375,-7105.2548828125,25.100000381469727,671971.3971636991,4689529.096837177
182511.0,4220.341796875,-7105.2548828125,25.100000381469727,671971.374978168,4689530.000502544
182512.0,4220.34130859375,-7105.2548828125,24.799999237060547,671971.3971636991,4689529.096837177
182513.0,4220.34130859375,-7105.25537109375,24.600000381469727,671972.0675879903,4689529.113296529
182514.0,4220.34130859375,-7105.25537109375,24.399999618530273,671972.0675879903,4689529.113296529
182515.0,4220.3408203125,-7105.25537109375,24.200000762939453,671972.0897736046,4689528.209631161
182516.0,4220.3408203125,-7105.25537109375,24.0,671972.0897736046,4689528.209631161
182517.0,4220.3408203125,-7105.25537109375,23.799999237060547,671972.0897736046,4689528.209631161
182518.0,4220.3408203125,-7105.25537109375,23.600000381469727,671972.0897736046,4689528.209631161
182519.0,4220.34033203125,-7105.25537109375,23.600000381469727,671972.1119592154,4689527.305965795
182520.0,4220.34033203125,-7105.25537109375,23.700000762939453,671972.1119592154,4689527.305965795
182521.0,4220.33984375,-7105.25537109375,24.299999237060547,671972.1341448226,4689526.402300428
182522.0,4220.33935546875,-7105.2548828125,24.700000762939453,671971.4859057891,4689525.4821757125
182523.0,4220.3388671875,-7105.25439453125,25.100000381469727,671970.8376665781,4689524.562051064
182524.0,4220.3388671875,-7105.25439453125,25.299999237060547,671970.8376665781,4689524.562051064
182525.0,4220.33837890625,-7105.2548828125,25.5,671971.5302768131,4689523.674844988
182526.0,4220.337890625,-7105.25537109375,25.5,671972.2228872171,4689522.787638976
182527.0,4220.33740234375,-7105.25537109375,25.700000762939453,671972.245072807,4689521.883973615
182528.0,4220.33740234375,-7105.25537109375,25.799999237060547,671972.245072807,4689521.883973615
182529.0,4220.33740234375,-7105.25537109375,26.0,671972.245072807,4689521.883973615
182530.0,4220.33740234375,-7105.255859375,26.100000381469727,671972.915497792,4689521.900433028
182531.0,4220.33740234375,-7105.25537109375,26.200000762939453,671972.245072807,4689521.883973615
182532.0,4220.33740234375,-7105.25537109375,26.399999618530273,671972.245072807,4689521.883973615
182533.0,4220.33740234375,-7105.255859375,26.299999237060547,671972.915497792,4689521.900433028
