200017.0,4220.27001953125,-7105.353515625,19.600000381469727,672110.0644806249,4689400.48778545
200018.0,4220.27001953125,-7105.353515625,19.600000381469727,672110.0644806249,4689400.48778545
200019.0,4220.27001953125,-7105.353515625,19.600000381469727,672110.0644806249,4689400.48778545
200020.0,4220.27001953125,-7105.353515625,19.600000381469727,672110.0644806249,4689400.48778545
200021.0,4220.27001953125,-7105.353515625,19.600000381469727,672110.0644806249,4689400.48778545
200022.0,4220.27001953125,-7105.353515625,19.600000381469727,672110.0644806249,4689400.48778545
200023.0,4220.27001953125,-7105.353515625,19.600000381469727,672110.0644806249,4689400.48778545
200024.0,4220.27001953125,-7105.353515625,19.600000381469727,672110.0644806249,4689400.48778545
200025.0,4220.27001953125,-7105.353515625,19.600000381469727,672110.0644806249,4689400.48778545
200026.0,4220.27001953125,-7105.353515625,19.600000381469727,672110.0644806249,4689400.48778545
200027.0,4220.27001953125,-7105.353515625,19.600000381469727,672110.0644806249,4689400.48778545
200028.0,4220.27001953125,-7105.353515625,19.600000381469727,672110.0644806249,4689400.48778545
200029.0,4220.27001953125,-7105.353515625,19.600000381469727,672110.0644806249,4689400.48778545
200030.0,4220.27001953125,-7105.353515625,19.600000381469727,672110.0644806249,4689400.48778545
200031.0,4220.27001953125,-7105.353515625,19.600000381469727,672110.0644806249,4689400.48778545
200032.0,4220.27001953125,-7105.353515625,19.600000381469727,672110.0644806249,4689400.48778545
200033.0,4220.27001953125,-7105.353515625,19.600000381469727,672110.0644806249,4689400.48778545
200034.0,4220.27001953125,-7105.353515625,19.600000381469727,672110.0644806249,4689400.48778545
200035.0,4220.27001953125,-7105.353515625,19.600000381469727,672110.0644806249,4689400.48778545
200036.0,4220.27001953125,-7105.353515625,19.600000381469727,672110.0644806249,4689400.48778545
200037.0,4220.27001953125,-7105.353515625,19.600000381469727,672110.0644806249,4689400.48778545
200038.0,4220.27001953125,-7105.353515625,19.600000381469727,672110.0644806249,4689400.48778545
200039.0,4220.27001953125,-7105.353515625,19.600000381469727,672110.0644806249,4689400.48778545
200040.0,4220.27001953125,-7105.353515625,19.600000381469727,672110.0644806249,4689400.48778545
200041.0,4220.27001953125,-7105.353515625,19.600000381469727,672110.0644806249,4689400.48778545
200042.0,4220.27001953125,-7105.353515625,19.600000381469727,672110.0644806249,4689400.48778545
200043.0,4220.27001953125,-7105.353515625,19.600000381469727,672110.0644806249,4689400.48778545
200044.0,4220.27001953125,-7105.353515625,19.600000381469727,672110.0644806249,4689400.48778545
200045.0,4220.27001953125,-7105.353515625,19.600000381469727,672110.0644806249,4689400.48778545
200046.0,4220.27001953125,-7105.353515625,19.600000381469727,672110.0644806249,4689400.48778545
200047.0,4220.27001953125,-7105.353515625,19.600000381469727,672110.0644806249,4689400.48778545
200048.0,4220.27001953125,-7105.353515625,19.600000381469727,672110.0644806249,4689400.48778545
200049.0,4220.27001953125,-7105.353515625,19.600000381469727,672110.0644806249,4689400.48778545
200050.0,4220.27001953125,-7105.353515625,19.600000381469727,672110.0644806249,4689400.48778545
200051.0,4220.27001953125,-7105.353515625,19.5,672110.0644806249,4689400.48778545
200052.0,4220.27001953125,-7105.35400390625,19.5,672110.7349176217,4689400.504257713
200053.0,4220.27001953125,-7105.35400390625,19.5,672110.7349176217,4689400.504257713
200054.0,4220.27001953125,-7105.35400390625,19.5,672110.7349176217,4689400.504257713
200055.0,4220.27001953125,-7105.35400390625,19.5,672110.7349176217,4689400.504257713
200056.0,4220.27001953125,-7105.35400390625,19.5,672110.7349176217,4689400.504257713
200057.0,4220.27001953125,-7105.35400390625,19.5,672110.7349176217,4689400.504257713
200058.0,4220.27001953125,-7105.35400390625,19.5,672110.7349176217,4689400.504257713
200059.0,4220.27001953125,-7105.35400390625,19.5,672110.7349176217,4689400.504257713
200100.0,4220.27001953125,-7105.35400390625,19.5,672110.7349176217,4689400.504257713
200101.0,4220.27001953125,-7105.35400390625,19.5,672110.7349176217,4689400.504257713
200102.0,4220.27001953125,-7105.35400390625,19.5,672110.7349176217,4689400.504257713
200103.0,4220.27001953125,-7105.35400390625,19.5,672110.7349176217,4689400.504257713
200104.0,4220.27001953125,-7105.35400390625,19.5,672110.7349176217,4689400.504257713
200105.0,4220.27001953125,-7105.35400390625,19.5,672110.7349176217,4689400.504257713
200106.0,4220.27001953125,-7105.35400390625,19.5,672110.7349176217,4689400.504257713
200107.0,4220.27001953125,-7105.35400390625,19.5,672110.7349176217,4689400.504257713
200108.0,4220.27001953125,-7105.35400390625,19.5,672110.7349176217,4689400.504257713
200109.0,4220.27001953125,-7105.35400390625,19.5,672110.7349176217,4689400.504257713
200110.0,4220.27001953125,-7105.35400390625,19.5,672110.7349176217,4689400.504257713
200111.0,4220.27001953125,-7105.35400390625,19.5,672110.7349176217,4689400.504257713
200112.0,4220.27001953125,-7105.35400390625,19.5,672110.7349176217,4689400.504257713
200113.0,4220.27001953125,-7105.35400390625,19.5,672110.7349176217,4689400.504257713
200114.0,4220.27001953125,-7105.35400390625,19.5,672110.7349176217,4689400.504257713
200115.0,4220.27001953125,-7105.35400390625,19.5,672110.7349176217,4689400.504257713
200116.0,4220.27001953125,-7105.35400390625,19.5,672110.7349176217,4689400.504257713
200117.0,4220.27001953125,-7105.35400390625,19.5,672110.7349176217,4689400.504257713
200118.0,4220.27001953125,-7105.35400390625,19.5,672110.7349176217,4689400.504257713
200119.0,4220.27001953125,-7105.35400390625,19.5,672110.7349176217,4689400.504257713
200120.0,4220.27001953125,-7105.35400390625,19.5,672110.7349176217,4689400.504257713
200121.0,4220.27001953125,-7105.35400390625,19.5,672110.7349176217,4689400.504257713
200122.0,4220.27001953125,-7105.35400390625,19.5,672110.7349176217,4689400.504257713
200123.0,4220.27001953125,-7105.35400390625,19.5,672110.7349176217,4689400.504257713
200124.0,4220.27001953125,-7105.35400390625,19.5,672110.7349176217,4689400.504257713
200125.0,4220.27001953125,-7105.35400390625,19.399999618530273,672110.7349176217,4689400.504257713
200126.0,4220.27001953125,-7105.35400390625,19.399999618530273,672110.7349176217,4689400.504257713
200127.0,4220.27001953125,-7105.35400390625,19.399999618530273,672110.7349176217,4689400.504257713
200128.0,4220.27001953125,-7105.35400390625,19.399999618530273,672110.7349176217,4689400.504257713
200129.0,4220.27001953125,-7105.35400390625,19.399999618530273,672110.7349176217,4689400.504257713
200130.0,4220.27001953125,-7105.35400390625,19.399999618530273,672110.7349176217,4689400.504257713
200131.0,4220.27001953125,-7105.35400390625,19.399999618530273,672110.7349176217,4689400.504257713
200132.0,4220.27001953125,-7105.35400390625,19.399999618530273,672110.7349176217,4689400.504257713
200133.0,4220.27001953125,-7105.35400390625,19.399999618530273,672110.7349176217,4689400.504257713
200134.0,4220.27001953125,-7105.35400390625,19.399999618530273,672110.7349176217,4689400.504257713
200135.0,4220.27001953125,-7105.35400390625,19.399999618530273,672110.7349176217,4689400.504257713
200136.0,4220.27001953125,-7105.35400390625,19.399999618530273,672110.7349176217,4689400.504257713
200137.0,4220.27001953125,-7105.35400390625,19.399999618530273,672110.7349176217,4689400.504257713
200138.0,4220.27001953125,-7105.35400390625,19.399999618530273,672110.7349176217,4689400.504257713
200139.0,4220.27001953125,-7105.35400390625,19.399999618530273,672110.7349176217,4689400.504257713
200140.0,4220.27001953125,-7105.35400390625,19.399999618530273,672110.7349176217,4689400.504257713
200141.0,4220.27001953125,-7105.35400390625,19.399999618530273,672110.7349176217,4689400.504257713
200142.0,4220.27001953125,-7105.35400390625,19.399999618530273,672110.7349176217,4689400.504257713
200143.0,4220.27001953125,-7105.35400390625,19.399999618530273,672110.7349176217,4689400.504257713
200144.0,4220.27001953125,-7105.35400390625,19.399999618530273,672110.7349176217,4689400.504257713
200145.0,4220.27001953125,-7105.35400390625,19.399999618530273,672110.7349176217,4689400.504257713
200146.0,4220.27001953125,-7105.35400390625,19.399999618530273,672110.7349176217,4689400.504257713
200147.0,4220.27001953125,-7105.35400390625,19.399999618530273,672110.7349176217,4689400.504257713
200148.0,4220.27001953125,-7105.35400390625,19.399999618530273,672110.7349176217,4689400.504257713
200149.0,4220.27001953125,-7105.35400390625,19.399999618530273,672110.7349176217,4689400.504257713
200150.0,4220.27001953125,-7105.3544921875,19.399999618530273,672111.4053546197,4689400.520730039
200151.0,4220.2705078125,-7105.3544921875,19.399999618530273,672111.3831519369,4689401.424395335
200152.0,4220.2705078125,-7105.3544921875,19.299999237060547,672111.3831519369,4689401.424395335
200153.0,4220.2705078125,-7105.3544921875,19.299999237060547,672111.3831519369,4689401.424395335
200154.0,4220.2705078125,-7105.3544921875,19.299999237060547,672111.3831519369,4689401.424395335
200155.0,4220.2705078125,-7105.3544921875,19.299999237060547,672111.3831519369,4689401.424395335
200156.0,4220.2705078125,-7105.3544921875,19.299999237060547,672111.3831519369,4689401.424395335
200157.0,4220.2705078125,-7105.3544921875,19.299999237060547,672111.3831519369,4689401.424395335
200158.0,4220.2705078125,-7105.3544921875,19.299999237060547,672111.3831519369,4689401.424395335
200159.0,4220.2705078125,-7105.3544921875,19.299999237060547,672111.3831519369,4689401.424395335
200200.0,4220.2705078125,-7105.3544921875,19.299999237060547,672111.3831519369,4689401.424395335
200201.0,4220.2705078125,-7105.3544921875,19.299999237060547,672111.3831519369,4689401.424395335
200202.0,4220.2705078125,-7105.3544921875,19.299999237060547,672111.3831519369,4689401.424395335
200203.0,4220.2705078125,-7105.3544921875,19.299999237060547,672111.3831519369,4689401.424395335
200204.0,4220.2705078125,-7105.3544921875,19.299999237060547,672111.3831519369,4689401.424395335
200205.0,4220.2705078125,-7105.3544921875,19.299999237060547,672111.3831519369,4689401.424395335
200206.0,4220.2705078125,-7105.3544921875,19.299999237060547,672111.3831519369,4689401.424395335
200207.0,4220.2705078125,-7105.3544921875,19.299999237060547,672111.3831519369,4689401.424395335
200208.0,4220.2705078125,-7105.3544921875,19.299999237060547,672111.3831519369,4689401.424395335
200209.0,4220.2705078125,-7105.3544921875,19.299999237060547,672111.3831519369,4689401.424395335
200210.0,4220.2705078125,-7105.3544921875,19.299999237060547,672111.3831519369,4689401.424395335
200211.0,4220.2705078125,-7105.3544921875,19.299999237060547,672111.3831519369,4689401.424395335
200212.0,4220.2705078125,-7105.3544921875,19.299999237060547,672111.3831519369,4689401.424395335
200213.0,4220.2705078125,-7105.3544921875,19.299999237060547,672111.3831519369,4689401.424395335
200214.0,4220.2705078125,-7105.3544921875,19.299999237060547,672111.3831519369,4689401.424395335
200215.0,4220.2705078125,-7105.3544921875,19.299999237060547,672111.3831519369,4689401.424395335
200216.0,4220.2705078125,-7105.3544921875,19.299999237060547,672111.3831519369,4689401.424395335
200217.0,4220.2705078125,-7105.3544921875,19.299999237060547,672111.3831519369,4689401.424395335
200218.0,4220.2705078125,-7105.3544921875,19.299999237060547,672111.3831519369,4689401.424395335
200219.0,4220.2705078125,-7105.3544921875,19.299999237060547,672111.3831519369,4689401.424395335
200220.0,4220.2705078125,-7105.3544921875,19.299999237060547,672111.3831519369,4689401.424395335
200221.0,4220.2705078125,-7105.3544921875,19.299999237060547,672111.3831519369,4689401.424395335
200222.0,4220.2705078125,-7105.3544921875,19.299999237060547,672111.3831519369,4689401.424395335
200223.0,4220.2705078125,-7105.3544921875,19.299999237060547,672111.3831519369,4689401.424395335
200224.0,4220.2705078125,-7105.3544921875,19.299999237060547,672111.3831519369,4689401.424395335
200225.0,4220.2705078125,-7105.3544921875,19.299999237060547,672111.3831519369,4689401.424395335
200226.0,4220.2705078125,-7105.3544921875,19.299999237060547,672111.3831519369,4689401.424395335
200227.0,4220.2705078125,-7105.3544921875,19.299999237060547,672111.3831519369,4689401.424395335
200228.0,4220.2705078125,-7105.3544921875,19.299999237060547,672111.3831519369,4689401.424395335
200229.0,4220.2705078125,-7105.3544921875,19.299999237060547,672111.3831519369,4689401.424395335
200230.0,4220.2705078125,-7105.3544921875,19.299999237060547,672111.3831519369,4689401.424395335
200231.0,4220.2705078125,-7105.3544921875,19.299999237060547,672111.3831519369,4689401.424395335
200232.0,4220.2705078125,-7105.3544921875,19.299999237060547,672111.3831519369,4689401.424395335
200233.0,4220.2705078125,-7105.3544921875,19.299999237060547,672111.3831519369,4689401.424395335
200234.0,4220.2705078125,-7105.3544921875,19.299999237060547,672111.3831519369,4689401.424395335
200235.0,4220.2705078125,-7105.3544921875,19.299999237060547,672111.3831519369,4689401.424395335
200236.0,4220.2705078125,-7105.3544921875,19.299999237060547,672111.3831519369,4689401.424395335
200237.0,4220.2705078125,-7105.3544921875,19.299999237060547,672111.3831519369,4689401.424395335
200238.0,4220.2705078125,-7105.3544921875,19.299999237060547,672111.3831519369,4689401.424395335
200239.0,4220.2705078125,-7105.3544921875,19.299999237060547,672111.3831519369,4689401.424395335
200240.0,4220.2705078125,-7105.3544921875,19.299999237060547,672111.3831519369,4689401.424395335
200241.0,4220.2705078125,-7105.3544921875,19.299999237060547,672111.3831519369,4689401.424395335
200242.0,4220.2705078125,-7105.3544921875,19.299999237060547,672111.3831519369,4689401.424395335
200243.0,4220.2705078125,-7105.3544921875,19.299999237060547,672111.3831519369,4689401.424395335
200244.0,4220.2705078125,-7105.3544921875,19.299999237060547,672111.3831519369,4689401.424395335
200245.0,4220.2705078125,-7105.3544921875,19.299999237060547,672111.3831519369,4689401.424395335
200246.0,4220.2705078125,-7105.3544921875,19.299999237060547,672111.3831519369,4689401.424395335
200247.0,4220.2705078125,-7105.3544921875,19.299999237060547,672111.3831519369,4689401.424395335
200248.0,4220.2705078125,-7105.3544921875,19.299999237060547,672111.3831519369,4689401.424395335
200249.0,4220.2705078125,-7105.3544921875,19.299999237060547,672111.3831519369,4689401.424395335
200250.0,4220.2705078125,-7105.3544921875,19.299999237060547,672111.3831519369,4689401.424395335
200251.0,4220.2705078125,-7105.3544921875,19.299999237060547,672111.3831519369,4689401.424395335
200252.0,4220.2705078125,-7105.3544921875,19.299999237060547,672111.3831519369,4689401.424395335
200253.0,4220.2705078125,-7105.3544921875,19.299999237060547,672111.3831519369,4689401.424395335
200254.0,4220.2705078125,-7105.3544921875,19.299999237060547,672111.3831519369,4689401.424395335
200255.0,4220.2705078125,-7105.3544921875,19.299999237060547,672111.3831519369,4689401.424395335
200256.0,4220.2705078125,-7105.3544921875,19.299999237060547,672111.3831519369,4689401.424395335
200257.0,4220.2705078125,-7105.3544921875,19.299999237060547,672111.3831519369,4689401.424395335
200258.0,4220.2705078125,-7105.3544921875,19.299999237060547,672111.3831519369,4689401.424395335
200259.0,4220.2705078125,-7105.3544921875,19.299999237060547,672111.3831519369,4689401.424395335
200300.0,4220.2705078125,-7105.3544921875,19.299999237060547,672111.3831519369,4689401.424395335
200301.0,4220.2705078125,-7105.3544921875,19.299999237060547,672111.3831519369,4689401.424395335
200302.0,4220.2705078125,-7105.3544921875,19.299999237060547,672111.3831519369,4689401.424395335
200303.0,4220.2705078125,-7105.3544921875,19.299999237060547,672111.3831519369,4689401.424395335
200304.0,4220.2705078125,-7105.3544921875,19.299999237060547,672111.3831519369,4689401.424395335
200305.0,4220.2705078125,-7105.3544921875,19.299999237060547,672111.3831519369,4689401.424395335
200306.0,4220.2705078125,-7105.3544921875,19.299999237060547,672111.3831519369,4689401.424395335
200307.0,4220.2705078125,-7105.3544921875,19.299999237060547,672111.3831519369,4689401.424395335
200308.0,4220.2705078125,-7105.3544921875,19.299999237060547,672111.3831519369,4689401.424395335
200309.0,4220.2705078125,-7105.3544921875,19.299999237060547,672111.3831519369,4689401.424395335
200310.0,4220.2705078125,-7105.3544921875,19.299999237060547,672111.3831519369,4689401.424395335
200311.0,4220.2705078125,-7105.3544921875,19.299999237060547,672111.3831519369,4689401.424395335
200312.0,4220.2705078125,-7105.3544921875,19.299999237060547,672111.3831519369,4689401.424395335
200313.0,4220.2705078125,-7105.3544921875,19.299999237060547,672111.3831519369,4689401.424395335
200314.0,4220.2705078125,-7105.35498046875,19.299999237060547,672112.0535888479,4689401.440867727
200315.0,4220.2705078125,-7105.35498046875,19.299999237060547,672112.0535888479,4689401.440867727
200316.0,4220.2705078125,-7105.35498046875,19.299999237060547,672112.0535888479,4689401.440867727
200317.0,4220.2705078125,-7105.35498046875,19.299999237060547,672112.0535888479,4689401.440867727
200318.0,4220.2705078125,-7105.35498046875,19.299999237060547,672112.0535888479,4689401.440867727
200319.0,4220.2705078125,-7105.35498046875,19.299999237060547,672112.0535888479,4689401.440867727
200320.0,4220.2705078125,-7105.35498046875,19.299999237060547,672112.0535888479,4689401.440867727
200321.0,4220.2705078125,-7105.35498046875,19.299999237060547,672112.0535888479,4689401.440867727
200322.0,4220.2705078125,-7105.35498046875,19.299999237060547,672112.0535888479,4689401.440867727
200323.0,4220.2705078125,-7105.35498046875,19.299999237060547,672112.0535888479,4689401.440867727
200324.0,4220.2705078125,-7105.35498046875,19.200000762939453,672112.0535888479,4689401.440867727
200325.0,4220.2705078125,-7105.35498046875,19.200000762939453,672112.0535888479,4689401.440867727
200326.0,4220.2705078125,-7105.35498046875,19.200000762939453,672112.0535888479,4689401.440867727
200327.0,4220.2705078125,-7105.35498046875,19.200000762939453,672112.0535888479,4689401.440867727
200328.0,4220.2705078125,-7105.35498046875,19.200000762939453,672112.0535888479,4689401.440867727
200329.0,4220.2705078125,-7105.35498046875,19.200000762939453,672112.0535888479,4689401.440867727
200330.0,4220.2705078125,-7105.35498046875,19.200000762939453,672112.0535888479,4689401.440867727
200331.0,4220.2705078125,-7105.35498046875,19.200000762939453,672112.0535888479,4689401.440867727
200332.0,4220.2705078125,-7105.35498046875,19.200000762939453,672112.0535888479,4689401.440867727
200333.0,4220.2705078125,-7105.35498046875,19.200000762939453,672112.0535888479,4689401.440867727
200334.0,4220.2705078125,-7105.35498046875,19.200000762939453,672112.0535888479,4689401.440867727
200335.0,4220.2705078125,-7105.35498046875,19.200000762939453,672112.0535888479,4689401.440867727
200336.0,4220.2705078125,-7105.35498046875,19.200000762939453,672112.0535888479,4689401.440867727
200337.0,4220.2705078125,-7105.35498046875,19.200000762939453,672112.0535888479,4689401.440867727
200338.0,4220.2705078125,-7105.35498046875,19.200000762939453,672112.0535888479,4689401.440867727
200339.0,4220.2705078125,-7105.35498046875,19.200000762939453,672112.0535888479,4689401.440867727
200340.0,4220.2705078125,-7105.35498046875,19.200000762939453,672112.0535888479,4689401.440867727
200341.0,4220.2705078125,-7105.35498046875,19.200000762939453,672112.0535888479,4689401.440867727
200342.0,4220.2705078125,-7105.35498046875,19.200000762939453,672112.0535888479,4689401.440867727
200343.0,4220.2705078125,-7105.35498046875,19.200000762939453,672112.0535888479,4689401.440867727
200344.0,4220.2705078125,-7105.35498046875,19.200000762939453,672112.0535888479,4689401.440867727
200345.0,4220.2705078125,-7105.35498046875,19.200000762939453,672112.0535888479,4689401.440867727
200346.0,4220.2705078125,-7105.35498046875,19.200000762939453,672112.0535888479,4689401.440867727
200347.0,4220.2705078125,-7105.35498046875,19.200000762939453,672112.0535888479,4689401.440867727
200348.0,4220.2705078125,-7105.35498046875,19.200000762939453,672112.0535888479,4689401.440867727
200349.0,4220.2705078125,-7105.35498046875,19.200000762939453,672112.0535888479,4689401.440867727
200350.0,4220.2705078125,-7105.35498046875,19.100000381469727,672112.0535888479,4689401.440867727
200351.0,4220.2705078125,-7105.35498046875,19.100000381469727,672112.0535888479,4689401.440867727
200352.0,4220.2705078125,-7105.35498046875,19.100000381469727,672112.0535888479,4689401.440867727
200353.0,4220.2705078125,-7105.35498046875,19.100000381469727,672112.0535888479,4689401.440867727
200354.0,4220.2705078125,-7105.35498046875,19.100000381469727,672112.0535888479,4689401.440867727
200355.0,4220.2705078125,-7105.35498046875,19.100000381469727,672112.0535888479,4689401.440867727
200356.0,4220.2705078125,-7105.35498046875,19.100000381469727,672112.0535888479,4689401.440867727
200357.0,4220.2705078125,-7105.35498046875,19.100000381469727,672112.0535888479,4689401.440867727
200358.0,4220.2705078125,-7105.35498046875,19.100000381469727,672112.0535888479,4689401.440867727
200359.0,4220.2705078125,-7105.35498046875,19.100000381469727,672112.0535888479,4689401.440867727
200400.0,4220.2705078125,-7105.35498046875,19.100000381469727,672112.0535888479,4689401.440867727
200401.0,4220.2705078125,-7105.35498046875,19.100000381469727,672112.0535888479,4689401.440867727
200402.0,4220.2705078125,-7105.35498046875,19.100000381469727,672112.0535888479,4689401.440867727
200403.0,4220.2705078125,-7105.35498046875,19.100000381469727,672112.0535888479,4689401.440867727
200404.0,4220.2705078125,-7105.35498046875,19.100000381469727,672112.0535888479,4689401.440867727
200405.0,4220.2705078125,-7105.35498046875,19.100000381469727,672112.0535888479,4689401.440867727
200406.0,4220.2705078125,-7105.35498046875,19.100000381469727,672112.0535888479,4689401.440867727
200407.0,4220.2705078125,-7105.35498046875,19.100000381469727,672112.0535888479,4689401.440867727
200408.0,4220.2705078125,-7105.35498046875,19.100000381469727,672112.0535888479,4689401.440867727
200409.0,4220.2705078125,-7105.35498046875,19.100000381469727,672112.0535888479,4689401.440867727
200410.0,4220.2705078125,-7105.35498046875,19.100000381469727,672112.0535888479,4689401.440867727
200411.0,4220.2705078125,-7105.35498046875,19.100000381469727,672112.0535888479,4689401.440867727
200412.0,4220.2705078125,-7105.35498046875,19.100000381469727,672112.0535888479,4689401.440867727
200413.0,4220.2705078125,-7105.35498046875,19.100000381469727,672112.0535888479,4689401.440867727
200414.0,4220.2705078125,-7105.35498046875,19.100000381469727,672112.0535888479,4689401.440867727
200415.0,4220.2705078125,-7105.35498046875,19.100000381469727,672112.0535888479,4689401.440867727
200416.0,4220.2705078125,-7105.35498046875,19.100000381469727,672112.0535888479,4689401.440867727
200417.0,4220.2705078125,-7105.35498046875,19.100000381469727,672112.0535888479,4689401.440867727
200418.0,4220.2705078125,-7105.35498046875,19.100000381469727,672112.0535888479,4689401.440867727
200419.0,4220.2705078125,-7105.35498046875,19.100000381469727,672112.0535888479,4689401.440867727
200420.0,4220.2705078125,-7105.35498046875,19.100000381469727,672112.0535888479,4689401.440867727
200421.0,4220.2705078125,-7105.35498046875,19.100000381469727,672112.0535888479,4689401.440867727
200422.0,4220.2705078125,-7105.35498046875,19.100000381469727,672112.0535888479,4689401.440867727
200423.0,4220.2705078125,-7105.35498046875,19.100000381469727,672112.0535888479,4689401.440867727
200424.0,4220.2705078125,-7105.35498046875,19.100000381469727,672112.0535888479,4689401.440867727
200425.0,4220.2705078125,-7105.35498046875,19.100000381469727,672112.0535888479,4689401.440867727
200426.0,4220.2705078125,-7105.35498046875,19.100000381469727,672112.0535888479,4689401.440867727
200427.0,4220.2705078125,-7105.35498046875,19.100000381469727,672112.0535888479,4689401.440867727
200428.0,4220.2705078125,-7105.35498046875,19.100000381469727,672112.0535888479,4689401.440867727
200429.0,4220.2705078125,-7105.35498046875,19.100000381469727,672112.0535888479,4689401.440867727
200430.0,4220.2705078125,-7105.35498046875,19.100000381469727,672112.0535888479,4689401.440867727
200431.0,4220.2705078125,-7105.35498046875,19.100000381469727,672112.0535888479,4689401.440867727
200432.0,4220.2705078125,-7105.35498046875,19.100000381469727,672112.0535888479,4689401.440867727
200433.0,4220.2705078125,-7105.35498046875,19.100000381469727,672112.0535888479,4689401.440867727
200434.0,4220.2705078125,-7105.35498046875,19.100000381469727,672112.0535888479,4689401.440867727
200435.0,4220.2705078125,-7105.35498046875,19.100000381469727,672112.0535888479,4689401.440867727
200436.0,4220.2705078125,-7105.35498046875,19.100000381469727,672112.0535888479,4689401.440867727
200437.0,4220.2705078125,-7105.35498046875,19.100000381469727,672112.0535888479,4689401.440867727
200438.0,4220.2705078125,-7105.35498046875,19.100000381469727,672112.0535888479,4689401.440867727
200439.0,4220.2705078125,-7105.35498046875,19.100000381469727,672112.0535888479,4689401.440867727
200440.0,4220.2705078125,-7105.35498046875,19.100000381469727,672112.0535888479,4689401.440867727
200441.0,4220.2705078125,-7105.35498046875,19.100000381469727,672112.0535888479,4689401.440867727
200442.0,4220.2705078125,-7105.35498046875,19.100000381469727,672112.0535888479,4689401.440867727
200443.0,4220.2705078125,-7105.35498046875,19.100000381469727,672112.0535888479,4689401.440867727
200444.0,4220.2705078125,-7105.35498046875,19.100000381469727,672112.0535888479,4689401.440867727
200445.0,4220.2705078125,-7105.35498046875,19.100000381469727,672112.0535888479,4689401.440867727
200446.0,4220.2705078125,-7105.35498046875,19.100000381469727,672112.0535888479,4689401.440867727
200447.0,4220.2705078125,-7105.35498046875,19.100000381469727,672112.0535888479,4689401.440867727
200448.0,4220.2705078125,-7105.35546875,19.100000381469727,672112.7240257601,4689401.457340182
200449.0,4220.27099609375,-7105.35546875,19.100000381469727,672112.7018229004,4689402.36100548
200450.0,4220.27099609375,-7105.35546875,19.100000381469727,672112.7018229004,4689402.36100548
200451.0,4220.27099609375,-7105.35546875,19.100000381469727,672112.7018229004,4689402.36100548
200452.0,4220.27099609375,-7105.35546875,19.100000381469727,672112.7018229004,4689402.36100548
200453.0,4220.27099609375,-7105.35546875,19.100000381469727,672112.7018229004,4689402.36100548
200454.0,4220.27099609375,-7105.35546875,19.100000381469727,672112.7018229004,4689402.36100548
200455.0,4220.27099609375,-7105.35546875,19.100000381469727,672112.7018229004,4689402.36100548
200456.0,4220.27099609375,-7105.35546875,19.100000381469727,672112.7018229004,4689402.36100548
200457.0,4220.27099609375,-7105.35546875,19.100000381469727,672112.7018229004,4689402.36100548
200458.0,4220.27099609375,-7105.35546875,19.100000381469727,672112.7018229004,4689402.36100548
200459.0,4220.27099609375,-7105.35546875,19.100000381469727,672112.7018229004,4689402.36100548
200500.0,4220.27099609375,-7105.35546875,19.100000381469727,672112.7018229004,4689402.36100548
200501.0,4220.27099609375,-7105.35546875,19.100000381469727,672112.7018229004,4689402.36100548
200502.0,4220.27099609375,-7105.35546875,19.100000381469727,672112.7018229004,4689402.36100548
200503.0,4220.27099609375,-7105.35546875,19.100000381469727,672112.7018229004,4689402.36100548
200504.0,4220.27099609375,-7105.35546875,19.100000381469727,672112.7018229004,4689402.36100548
200505.0,4220.27099609375,-7105.35546875,19.100000381469727,672112.7018229004,4689402.36100548
200506.0,4220.27099609375,-7105.35546875,19.100000381469727,672112.7018229004,4689402.36100548
200507.0,4220.27099609375,-7105.35546875,19.100000381469727,672112.7018229004,4689402.36100548
200508.0,4220.27099609375,-7105.35546875,19.100000381469727,672112.7018229004,4689402.36100548
200509.0,4220.27099609375,-7105.35546875,18.700000762939453,672112.7018229004,4689402.36100548
200510.0,4220.27099609375,-7105.35546875,18.700000762939453,672112.7018229004,4689402.36100548
200511.0,4220.27099609375,-7105.35546875,18.700000762939453,672112.7018229004,4689402.36100548
200512.0,4220.27099609375,-7105.35546875,18.700000762939453,672112.7018229004,4689402.36100548
200513.0,4220.27099609375,-7105.35546875,18.700000762939453,672112.7018229004,4689402.36100548
200514.0,4220.27099609375,-7105.35546875,18.700000762939453,672112.7018229004,4689402.36100548
200515.0,4220.27099609375,-7105.35546875,18.700000762939453,672112.7018229004,4689402.36100548
200516.0,4220.27099609375,-7105.35546875,18.700000762939453,672112.7018229004,4689402.36100548
200517.0,4220.27099609375,-7105.35546875,18.700000762939453,672112.7018229004,4689402.36100548
200518.0,4220.27099609375,-7105.35546875,18.700000762939453,672112.7018229004,4689402.36100548
200519.0,4220.27099609375,-7105.35546875,18.700000762939453,672112.7018229004,4689402.36100548
200520.0,4220.27099609375,-7105.35546875,18.700000762939453,672112.7018229004,4689402.36100548
200521.0,4220.27099609375,-7105.35546875,18.700000762939453,672112.7018229004,4689402.36100548
200522.0,4220.27099609375,-7105.35546875,18.700000762939453,672112.7018229004,4689402.36100548
200523.0,4220.27099609375,-7105.35546875,18.700000762939453,672112.7018229004,4689402.36100548
200524.0,4220.27099609375,-7105.35546875,18.700000762939453,672112.7018229004,4689402.36100548
200525.0,4220.27099609375,-7105.35546875,18.700000762939453,672112.7018229004,4689402.36100548
200526.0,4220.27099609375,-7105.35546875,18.700000762939453,672112.7018229004,4689402.36100548
200527.0,4220.27099609375,-7105.35546875,18.700000762939453,672112.7018229004,4689402.36100548
200528.0,4220.27099609375,-7105.35546875,18.700000762939453,672112.7018229004,4689402.36100548
200529.0,4220.27099609375,-7105.35546875,18.700000762939453,672112.7018229004,4689402.36100548
200530.0,4220.27099609375,-7105.35546875,18.700000762939453,672112.7018229004,4689402.36100548
200531.0,4220.27099609375,-7105.35546875,18.700000762939453,672112.7018229004,4689402.36100548
200532.0,4220.27099609375,-7105.35546875,18.799999237060547,672112.7018229004,4689402.36100548
200533.0,4220.27099609375,-7105.35546875,18.799999237060547,672112.7018229004,4689402.36100548
200534.0,4220.27099609375,-7105.35546875,18.799999237060547,672112.7018229004,4689402.36100548
200535.0,4220.27099609375,-7105.35546875,18.799999237060547,672112.7018229004,4689402.36100548
200536.0,4220.27099609375,-7105.35546875,18.799999237060547,672112.7018229004,4689402.36100548
200537.0,4220.27099609375,-7105.35546875,18.799999237060547,672112.7018229004,4689402.36100548
200538.0,4220.27099609375,-7105.35546875,18.799999237060547,672112.7018229004,4689402.36100548
200539.0,4220.27099609375,-7105.35546875,18.799999237060547,672112.7018229004,4689402.36100548
200540.0,4220.27099609375,-7105.35546875,18.799999237060547,672112.7018229004,4689402.36100548
200541.0,4220.27099609375,-7105.35546875,18.799999237060547,672112.7018229004,4689402.36100548
200542.0,4220.27099609375,-7105.35546875,18.799999237060547,672112.7018229004,4689402.36100548
200543.0,4220.27099609375,-7105.35546875,18.799999237060547,672112.7018229004,4689402.36100548
200544.0,4220.27099609375,-7105.35546875,18.799999237060547,672112.7018229004,4689402.36100548
200545.0,4220.27099609375,-7105.35546875,18.799999237060547,672112.7018229004,4689402.36100548
200546.0,4220.27099609375,-7105.35546875,18.799999237060547,672112.7018229004,4689402.36100548
200547.0,4220.27099609375,-7105.35546875,18.799999237060547,672112.7018229004,4689402.36100548
200548.0,4220.27099609375,-7105.35546875,18.799999237060547,672112.7018229004,4689402.36100548
200549.0,4220.27099609375,-7105.35546875,18.799999237060547,672112.7018229004,4689402.36100548
200550.0,4220.27099609375,-7105.35546875,18.799999237060547,672112.7018229004,4689402.36100548
200551.0,4220.27099609375,-7105.35546875,18.799999237060547,672112.7018229004,4689402.36100548
200552.0,4220.27099609375,-7105.35546875,18.799999237060547,672112.7018229004,4689402.36100548
200553.0,4220.27099609375,-7105.35546875,18.799999237060547,672112.7018229004,4689402.36100548
200554.0,4220.27099609375,-7105.35546875,18.700000762939453,672112.7018229004,4689402.36100548
200555.0,4220.27099609375,-7105.35546875,18.700000762939453,672112.7018229004,4689402.36100548
200556.0,4220.27099609375,-7105.35546875,18.700000762939453,672112.7018229004,4689402.36100548
200557.0,4220.27099609375,-7105.35546875,18.700000762939453,672112.7018229004,4689402.36100548
200558.0,4220.27099609375,-7105.35546875,18.700000762939453,672112.7018229004,4689402.36100548
200559.0,4220.27099609375,-7105.35546875,18.700000762939453,672112.7018229004,4689402.36100548
200600.0,4220.27099609375,-7105.35546875,18.700000762939453,672112.7018229004,4689402.36100548
200601.0,4220.27099609375,-7105.35546875,18.700000762939453,672112.7018229004,4689402.36100548
200602.0,4220.27099609375,-7105.35546875,18.700000762939453,672112.7018229004,4689402.36100548
200603.0,4220.27099609375,-7105.35546875,18.700000762939453,672112.7018229004,4689402.36100548
200604.0,4220.27099609375,-7105.35546875,18.700000762939453,672112.7018229004,4689402.36100548
200605.0,4220.27099609375,-7105.35546875,18.700000762939453,672112.7018229004,4689402.36100548
200606.0,4220.27099609375,-7105.35546875,18.700000762939453,672112.7018229004,4689402.36100548
200607.0,4220.27099609375,-7105.35546875,18.700000762939453,672112.7018229004,4689402.36100548
200608.0,4220.27099609375,-7105.35546875,18.700000762939453,672112.7018229004,4689402.36100548
200609.0,4220.27099609375,-7105.35546875,18.700000762939453,672112.7018229004,4689402.36100548
200610.0,4220.27099609375,-7105.35546875,18.700000762939453,672112.7018229004,4689402.36100548
200611.0,4220.27099609375,-7105.35546875,18.700000762939453,672112.7018229004,4689402.36100548
200612.0,4220.27099609375,-7105.35546875,18.700000762939453,672112.7018229004,4689402.36100548
200613.0,4220.27099609375,-7105.35546875,18.700000762939453,672112.7018229004,4689402.36100548
200614.0,4220.27099609375,-7105.35546875,18.700000762939453,672112.7018229004,4689402.36100548
200615.0,4220.27099609375,-7105.35546875,18.700000762939453,672112.7018229004,4689402.36100548
200616.0,4220.27099609375,-7105.35546875,18.700000762939453,672112.7018229004,4689402.36100548
200617.0,4220.27099609375,-7105.35546875,18.700000762939453,672112.7018229004,4689402.36100548
200618.0,4220.27099609375,-7105.35546875,18.700000762939453,672112.7018229004,4689402.36100548
200619.0,4220.27099609375,-7105.35546875,18.700000762939453,672112.7018229004,4689402.36100548
200620.0,4220.27099609375,-7105.35546875,18.700000762939453,672112.7018229004,4689402.36100548
200621.0,4220.27099609375,-7105.35546875,18.700000762939453,672112.7018229004,4689402.36100548
200622.0,4220.27099609375,-7105.35546875,18.700000762939453,672112.7018229004,4689402.36100548
200623.0,4220.27099609375,-7105.35546875,18.700000762939453,672112.7018229004,4689402.36100548
200624.0,4220.27099609375,-7105.35546875,18.700000762939453,672112.7018229004,4689402.36100548
200625.0,4220.27099609375,-7105.35546875,18.700000762939453,672112.7018229004,4689402.36100548
200626.0,4220.27099609375,-7105.35546875,18.700000762939453,672112.7018229004,4689402.36100548
200627.0,4220.27099609375,-7105.35546875,18.700000762939453,672112.7018229004,4689402.36100548
200628.0,4220.27099609375,-7105.35546875,18.700000762939453,672112.7018229004,4689402.36100548
200629.0,4220.27099609375,-7105.35546875,18.700000762939453,672112.7018229004,4689402.36100548
200630.0,4220.27099609375,-7105.35546875,18.700000762939453,672112.7018229004,4689402.36100548
200631.0,4220.27099609375,-7105.35546875,18.700000762939453,672112.7018229004,4689402.36100548
200632.0,4220.27099609375,-7105.35546875,18.700000762939453,672112.7018229004,4689402.36100548
200633.0,4220.27099609375,-7105.35546875,18.700000762939453,672112.7018229004,4689402.36100548
200634.0,4220.27099609375,-7105.35546875,18.700000762939453,672112.7018229004,4689402.36100548
200635.0,4220.27099609375,-7105.35546875,18.700000762939453,672112.7018229004,4689402.36100548
200636.0,4220.27099609375,-7105.35546875,18.700000762939453,672112.7018229004,4689402.36100548
200637.0,4220.2705078125,-7105.35546875,18.399999618530273,672112.7240257601,4689401.457340182
200638.0,4220.2705078125,-7105.35546875,18.399999618530273,672112.7240257601,4689401.457340182
200639.0,4220.2705078125,-7105.35546875,18.399999618530273,672112.7240257601,4689401.457340182
200640.0,4220.2705078125,-7105.35546875,18.399999618530273,672112.7240257601,4689401.457340182
200641.0,4220.2705078125,-7105.35546875,18.399999618530273,672112.7240257601,4689401.457340182
200642.0,4220.2705078125,-7105.35546875,18.399999618530273,672112.7240257601,4689401.457340182
200643.0,4220.2705078125,-7105.35546875,18.399999618530273,672112.7240257601,4689401.457340182
200644.0,4220.2705078125,-7105.35546875,18.399999618530273,672112.7240257601,4689401.457340182
200645.0,4220.2705078125,-7105.35546875,18.399999618530273,672112.7240257601,4689401.457340182
200646.0,4220.2705078125,-7105.35546875,18.399999618530273,672112.7240257601,4689401.457340182
200647.0,4220.2705078125,-7105.35546875,18.399999618530273,672112.7240257601,4689401.457340182
200648.0,4220.2705078125,-7105.35546875,18.399999618530273,672112.7240257601,4689401.457340182
200649.0,4220.2705078125,-7105.35546875,18.399999618530273,672112.7240257601,4689401.457340182
200650.0,4220.2705078125,-7105.35546875,18.399999618530273,672112.7240257601,4689401.457340182
200651.0,4220.2705078125,-7105.35546875,18.399999618530273,672112.7240257601,4689401.457340182
200652.0,4220.2705078125,-7105.35546875,18.399999618530273,672112.7240257601,4689401.457340182
200653.0,4220.2705078125,-7105.35546875,18.399999618530273,672112.7240257601,4689401.457340182
200654.0,4220.2705078125,-7105.35546875,18.399999618530273,672112.7240257601,4689401.457340182
200655.0,4220.2705078125,-7105.35546875,18.399999618530273,672112.7240257601,4689401.457340182
200656.0,4220.2705078125,-7105.35546875,18.399999618530273,672112.7240257601,4689401.457340182
200657.0,4220.2705078125,-7105.35546875,18.299999237060547,672112.7240257601,4689401.457340182
200658.0,4220.2705078125,-7105.35546875,18.299999237060547,672112.7240257601,4689401.457340182
200659.0,4220.2705078125,-7105.35546875,18.299999237060547,672112.7240257601,4689401.457340182
200700.0,4220.2705078125,-7105.35546875,18.299999237060547,672112.7240257601,4689401.457340182
200701.0,4220.2705078125,-7105.35546875,18.299999237060547,672112.7240257601,4689401.457340182
200702.0,4220.2705078125,-7105.35546875,18.299999237060547,672112.7240257601,4689401.457340182
200703.0,4220.2705078125,-7105.35546875,18.299999237060547,672112.7240257601,4689401.457340182
200704.0,4220.2705078125,-7105.35546875,18.299999237060547,672112.7240257601,4689401.457340182
200705.0,4220.2705078125,-7105.35546875,18.299999237060547,672112.7240257601,4689401.457340182
200706.0,4220.2705078125,-7105.35546875,18.299999237060547,672112.7240257601,4689401.457340182
200707.0,4220.2705078125,-7105.35546875,18.299999237060547,672112.7240257601,4689401.457340182
200708.0,4220.2705078125,-7105.35546875,18.299999237060547,672112.7240257601,4689401.457340182
200709.0,4220.2705078125,-7105.35546875,18.299999237060547,672112.7240257601,4689401.457340182
200710.0,4220.2705078125,-7105.35546875,18.299999237060547,672112.7240257601,4689401.457340182
200711.0,4220.2705078125,-7105.35546875,18.299999237060547,672112.7240257601,4689401.457340182
200712.0,4220.2705078125,-7105.35546875,18.299999237060547,672112.7240257601,4689401.457340182
200713.0,4220.2705078125,-7105.35546875,18.299999237060547,672112.7240257601,4689401.457340182
200714.0,4220.2705078125,-7105.35546875,18.299999237060547,672112.7240257601,4689401.457340182
200715.0,4220.2705078125,-7105.35546875,18.299999237060547,672112.7240257601,4689401.457340182
200716.0,4220.2705078125,-7105.35546875,18.299999237060547,672112.7240257601,4689401.457340182
200717.0,4220.2705078125,-7105.35546875,18.299999237060547,672112.7240257601,4689401.457340182
200718.0,4220.2705078125,-7105.35546875,18.299999237060547,672112.7240257601,4689401.457340182
200719.0,4220.2705078125,-7105.35546875,18.299999237060547,672112.7240257601,4689401.457340182
200720.0,4220.2705078125,-7105.35546875,18.299999237060547,672112.7240257601,4689401.457340182
200721.0,4220.2705078125,-7105.35546875,18.299999237060547,672112.7240257601,4689401.457340182
200722.0,4220.2705078125,-7105.35546875,18.299999237060547,672112.7240257601,4689401.457340182
200723.0,4220.2705078125,-7105.35546875,18.299999237060547,672112.7240257601,4689401.457340182
200724.0,4220.2705078125,-7105.35546875,18.299999237060547,672112.7240257601,4689401.457340182
200725.0,4220.27001953125,-7105.35546875,18.299999237060547,672112.7462286161,4689400.553674886
200726.0,4220.27001953125,-7105.35498046875,18.299999237060547,672112.0757916173,4689400.53720243
200727.0,4220.27001953125,-7105.35498046875,18.299999237060547,672112.0757916173,4689400.53720243
200728.0,4220.27001953125,-7105.35498046875,18.299999237060547,672112.0757916173,4689400.53720243
200729.0,4220.27001953125,-7105.35498046875,18.299999237060547,672112.0757916173,4689400.53720243
200730.0,4220.27001953125,-7105.35498046875,18.299999237060547,672112.0757916173,4689400.53720243
200731.0,4220.27001953125,-7105.35498046875,18.299999237060547,672112.0757916173,4689400.53720243
200732.0,4220.27001953125,-7105.35498046875,18.299999237060547,672112.0757916173,4689400.53720243
200733.0,4220.27001953125,-7105.35498046875,18.100000381469727,672112.0757916173,4689400.53720243
200734.0,4220.27001953125,-7105.35498046875,18.100000381469727,672112.0757916173,4689400.53720243
200735.0,4220.27001953125,-7105.35498046875,18.100000381469727,672112.0757916173,4689400.53720243
200736.0,4220.27001953125,-7105.35498046875,18.100000381469727,672112.0757916173,4689400.53720243
200737.0,4220.27001953125,-7105.35498046875,18.100000381469727,672112.0757916173,4689400.53720243
200738.0,4220.26953125,-7105.35498046875,18.100000381469727,672112.0979943832,4689399.633537136
200739.0,4220.26953125,-7105.35498046875,18.100000381469727,672112.0979943832,4689399.633537136
200740.0,4220.26953125,-7105.35498046875,18.100000381469727,672112.0979943832,4689399.633537136
200741.0,4220.26953125,-7105.35498046875,18.100000381469727,672112.0979943832,4689399.633537136
200742.0,4220.26953125,-7105.35498046875,18.100000381469727,672112.0979943832,4689399.633537136
200743.0,4220.26953125,-7105.35498046875,18.100000381469727,672112.0979943832,4689399.633537136
200744.0,4220.26953125,-7105.35498046875,18.100000381469727,672112.0979943832,4689399.633537136
200745.0,4220.26953125,-7105.35498046875,18.100000381469727,672112.0979943832,4689399.633537136
200746.0,4220.26953125,-7105.35498046875,18.0,672112.0979943832,4689399.633537136
200747.0,4220.26953125,-7105.35498046875,18.0,672112.0979943832,4689399.633537136
200748.0,4220.26953125,-7105.35498046875,18.0,672112.0979943832,4689399.633537136
200749.0,4220.26953125,-7105.35498046875,18.0,672112.0979943832,4689399.633537136
200750.0,4220.26953125,-7105.35498046875,18.0,672112.0979943832,4689399.633537136
200751.0,4220.26953125,-7105.35498046875,18.0,672112.0979943832,4689399.633537136
200752.0,4220.26953125,-7105.35498046875,18.100000381469727,672112.0979943832,4689399.633537136
200753.0,4220.26953125,-7105.35498046875,18.100000381469727,672112.0979943832,4689399.633537136
200754.0,4220.26953125,-7105.35498046875,18.100000381469727,672112.0979943832,4689399.633537136
200755.0,4220.26953125,-7105.35498046875,18.100000381469727,672112.0979943832,4689399.633537136
200756.0,4220.26953125,-7105.35498046875,18.100000381469727,672112.0979943832,4689399.633537136
200757.0,4220.26953125,-7105.35498046875,18.100000381469727,672112.0979943832,4689399.633537136
200758.0,4220.26953125,-7105.35498046875,18.100000381469727,672112.0979943832,4689399.633537136
200759.0,4220.26953125,-7105.35498046875,18.100000381469727,672112.0979943832,4689399.633537136
200800.0,4220.26953125,-7105.35498046875,18.100000381469727,672112.0979943832,4689399.633537136
200801.0,4220.26953125,-7105.35498046875,18.100000381469727,672112.0979943832,4689399.633537136
200802.0,4220.26953125,-7105.35498046875,18.100000381469727,672112.0979943832,4689399.633537136
200803.0,4220.26953125,-7105.35498046875,18.100000381469727,672112.0979943832,4689399.633537136
200804.0,4220.26953125,-7105.35498046875,18.100000381469727,672112.0979943832,4689399.633537136
200805.0,4220.26953125,-7105.35498046875,18.100000381469727,672112.0979943832,4689399.633537136
200806.0,4220.26953125,-7105.35498046875,18.100000381469727,672112.0979943832,4689399.633537136
200807.0,4220.26953125,-7105.35498046875,18.100000381469727,672112.0979943832,4689399.633537136
200808.0,4220.26953125,-7105.35498046875,18.100000381469727,672112.0979943832,4689399.633537136
200809.0,4220.26953125,-7105.35498046875,18.100000381469727,672112.0979943832,4689399.633537136
200810.0,4220.26953125,-7105.35498046875,18.100000381469727,672112.0979943832,4689399.633537136
200811.0,4220.26953125,-7105.35498046875,18.100000381469727,672112.0979943832,4689399.633537136
200812.0,4220.26953125,-7105.35498046875,18.100000381469727,672112.0979943832,4689399.633537136
200813.0,4220.26953125,-7105.35498046875,18.100000381469727,672112.0979943832,4689399.633537136
200814.0,4220.26953125,-7105.35498046875,18.100000381469727,672112.0979943832,4689399.633537136
200815.0,4220.26953125,-7105.35498046875,18.100000381469727,672112.0979943832,4689399.633537136
200816.0,4220.26953125,-7105.35498046875,18.100000381469727,672112.0979943832,4689399.633537136
200817.0,4220.26953125,-7105.35498046875,18.100000381469727,672112.0979943832,4689399.633537136
200818.0,4220.26953125,-7105.35498046875,18.100000381469727,672112.0979943832,4689399.633537136
200819.0,4220.26953125,-7105.35498046875,18.100000381469727,672112.0979943832,4689399.633537136
200820.0,4220.26953125,-7105.35498046875,18.100000381469727,672112.0979943832,4689399.633537136
200821.0,4220.26904296875,-7105.35498046875,18.100000381469727,672112.1201971457,4689398.729871844
200822.0,4220.26904296875,-7105.35498046875,18.100000381469727,672112.1201971457,4689398.729871844
200823.0,4220.26904296875,-7105.3544921875,18.100000381469727,672111.4497599752,4689398.713399453
200824.0,4220.26904296875,-7105.3544921875,18.200000762939453,672111.4497599752,4689398.713399453
200825.0,4220.26904296875,-7105.3544921875,18.200000762939453,672111.4497599752,4689398.713399453
200826.0,4220.26904296875,-7105.3544921875,18.200000762939453,672111.4497599752,4689398.713399453
200827.0,4220.26904296875,-7105.3544921875,18.200000762939453,672111.4497599752,4689398.713399453
200828.0,4220.26904296875,-7105.3544921875,18.200000762939453,672111.4497599752,4689398.713399453
200829.0,4220.26904296875,-7105.3544921875,18.200000762939453,672111.4497599752,4689398.713399453
200830.0,4220.26904296875,-7105.3544921875,18.200000762939453,672111.4497599752,4689398.713399453
200831.0,4220.26904296875,-7105.3544921875,18.200000762939453,672111.4497599752,4689398.713399453
200832.0,4220.26904296875,-7105.3544921875,18.200000762939453,672111.4497599752,4689398.713399453
200833.0,4220.26904296875,-7105.3544921875,18.200000762939453,672111.4497599752,4689398.713399453
200834.0,4220.26904296875,-7105.3544921875,18.200000762939453,672111.4497599752,4689398.713399453
200835.0,4220.26904296875,-7105.3544921875,18.200000762939453,672111.4497599752,4689398.713399453
200836.0,4220.26904296875,-7105.3544921875,18.200000762939453,672111.4497599752,4689398.713399453
200837.0,4220.26904296875,-7105.3544921875,18.200000762939453,672111.4497599752,4689398.713399453
200838.0,4220.26904296875,-7105.3544921875,18.200000762939453,672111.4497599752,4689398.713399453
200839.0,4220.26904296875,-7105.3544921875,18.200000762939453,672111.4497599752,4689398.713399453
200840.0,4220.26904296875,-7105.3544921875,18.200000762939453,672111.4497599752,4689398.713399453
200841.0,4220.26904296875,-7105.3544921875,18.200000762939453,672111.4497599752,4689398.713399453
200842.0,4220.26904296875,-7105.3544921875,18.200000762939453,672111.4497599752,4689398.713399453
200843.0,4220.26904296875,-7105.3544921875,18.200000762939453,672111.4497599752,4689398.713399453
200844.0,4220.26904296875,-7105.3544921875,18.200000762939453,672111.4497599752,4689398.713399453
200845.0,4220.26904296875,-7105.3544921875,18.200000762939453,672111.4497599752,4689398.713399453
200846.0,4220.26904296875,-7105.3544921875,18.200000762939453,672111.4497599752,4689398.713399453
200847.0,4220.26904296875,-7105.3544921875,18.200000762939453,672111.4497599752,4689398.713399453
200848.0,4220.26904296875,-7105.3544921875,18.200000762939453,672111.4497599752,4689398.713399453
200849.0,4220.26904296875,-7105.3544921875,18.200000762939453,672111.4497599752,4689398.713399453
200850.0,4220.26904296875,-7105.3544921875,18.299999237060547,672111.4497599752,4689398.713399453
200851.0,4220.26904296875,-7105.3544921875,18.299999237060547,672111.4497599752,4689398.713399453
200852.0,4220.26904296875,-7105.3544921875,18.299999237060547,672111.4497599752,4689398.713399453
200853.0,4220.26904296875,-7105.3544921875,18.299999237060547,672111.4497599752,4689398.713399453
200854.0,4220.26904296875,-7105.3544921875,18.299999237060547,672111.4497599752,4689398.713399453
200855.0,4220.26904296875,-7105.3544921875,18.299999237060547,672111.4497599752,4689398.713399453
200856.0,4220.26904296875,-7105.3544921875,18.299999237060547,672111.4497599752,4689398.713399453
200857.0,4220.26904296875,-7105.3544921875,18.299999237060547,672111.4497599752,4689398.713399453
200858.0,4220.26904296875,-7105.3544921875,18.299999237060547,672111.4497599752,4689398.713399453
200859.0,4220.26904296875,-7105.3544921875,18.299999237060547,672111.4497599752,4689398.713399453
200900.0,4220.26904296875,-7105.3544921875,18.299999237060547,672111.4497599752,4689398.713399453
200901.0,4220.26904296875,-7105.3544921875,18.299999237060547,672111.4497599752,4689398.713399453
200902.0,4220.26904296875,-7105.3544921875,18.299999237060547,672111.4497599752,4689398.713399453
200903.0,4220.26904296875,-7105.3544921875,18.299999237060547,672111.4497599752,4689398.713399453
200904.0,4220.26904296875,-7105.3544921875,18.299999237060547,672111.4497599752,4689398.713399453
200905.0,4220.26904296875,-7105.3544921875,18.299999237060547,672111.4497599752,4689398.713399453
200906.0,4220.26904296875,-7105.3544921875,18.299999237060547,672111.4497599752,4689398.713399453
200907.0,4220.26904296875,-7105.3544921875,18.299999237060547,672111.4497599752,4689398.713399453
200908.0,4220.26904296875,-7105.3544921875,18.299999237060547,672111.4497599752,4689398.713399453
200909.0,4220.26904296875,-7105.3544921875,18.299999237060547,672111.4497599752,4689398.713399453
200910.0,4220.26904296875,-7105.3544921875,18.399999618530273,672111.4497599752,4689398.713399453
200911.0,4220.26904296875,-7105.3544921875,18.399999618530273,672111.4497599752,4689398.713399453
200912.0,4220.26904296875,-7105.3544921875,18.399999618530273,672111.4497599752,4689398.713399453
200913.0,4220.26904296875,-7105.3544921875,18.399999618530273,672111.4497599752,4689398.713399453
200914.0,4220.26904296875,-7105.3544921875,18.399999618530273,672111.4497599752,4689398.713399453
200915.0,4220.26904296875,-7105.3544921875,18.399999618530273,672111.4497599752,4689398.713399453
200916.0,4220.26904296875,-7105.3544921875,18.399999618530273,672111.4497599752,4689398.713399453
200917.0,4220.26904296875,-7105.3544921875,18.399999618530273,672111.4497599752,4689398.713399453
200918.0,4220.26904296875,-7105.3544921875,18.399999618530273,672111.4497599752,4689398.713399453
200919.0,4220.26904296875,-7105.3544921875,18.399999618530273,672111.4497599752,4689398.713399453
200920.0,4220.26904296875,-7105.3544921875,18.399999618530273,672111.4497599752,4689398.713399453
200921.0,4220.26904296875,-7105.35498046875,18.399999618530273,672112.1201971457,4689398.729871844
200922.0,4220.26904296875,-7105.35498046875,18.5,672112.1201971457,4689398.729871844
200923.0,4220.26904296875,-7105.35498046875,18.5,672112.1201971457,4689398.729871844
200924.0,4220.26904296875,-7105.35498046875,18.5,672112.1201971457,4689398.729871844
200925.0,4220.26904296875,-7105.35498046875,18.5,672112.1201971457,4689398.729871844
200926.0,4220.26904296875,-7105.35498046875,18.5,672112.1201971457,4689398.729871844
200927.0,4220.26904296875,-7105.35498046875,18.5,672112.1201971457,4689398.729871844
200928.0,4220.26904296875,-7105.35498046875,18.5,672112.1201971457,4689398.729871844
200929.0,4220.26904296875,-7105.35498046875,18.5,672112.1201971457,4689398.729871844
200930.0,4220.26904296875,-7105.35498046875,18.5,672112.1201971457,4689398.729871844
200931.0,4220.26904296875,-7105.35498046875,18.5,672112.1201971457,4689398.729871844
200932.0,4220.26904296875,-7105.35498046875,18.600000381469727,672112.1201971457,4689398.729871844
200933.0,4220.26904296875,-7105.35498046875,18.600000381469727,672112.1201971457,4689398.729871844
200934.0,4220.26904296875,-7105.35498046875,18.600000381469727,672112.1201971457,4689398.729871844
200935.0,4220.26904296875,-7105.35498046875,18.600000381469727,672112.1201971457,4689398.729871844
200936.0,4220.26904296875,-7105.35498046875,18.600000381469727,672112.1201971457,4689398.729871844
200937.0,4220.26904296875,-7105.35498046875,18.600000381469727,672112.1201971457,4689398.729871844
200938.0,4220.26904296875,-7105.35498046875,18.600000381469727,672112.1201971457,4689398.729871844
200939.0,4220.26904296875,-7105.35498046875,18.600000381469727,672112.1201971457,4689398.729871844
200940.0,4220.26904296875,-7105.35498046875,18.600000381469727,672112.1201971457,4689398.729871844
200941.0,4220.26904296875,-7105.35498046875,18.600000381469727,672112.1201971457,4689398.729871844
200942.0,4220.26904296875,-7105.35498046875,18.600000381469727,672112.1201971457,4689398.729871844
200943.0,4220.26904296875,-7105.35498046875,18.600000381469727,672112.1201971457,4689398.729871844
200944.0,4220.26904296875,-7105.35498046875,18.600000381469727,672112.1201971457,4689398.729871844
200945.0,4220.26904296875,-7105.35498046875,18.600000381469727,672112.1201971457,4689398.729871844
200946.0,4220.26904296875,-7105.35498046875,18.700000762939453,672112.1201971457,4689398.729871844
200947.0,4220.26904296875,-7105.35498046875,18.700000762939453,672112.1201971457,4689398.729871844
200948.0,4220.26904296875,-7105.35498046875,18.700000762939453,672112.1201971457,4689398.729871844
200949.0,4220.26904296875,-7105.35498046875,18.700000762939453,672112.1201971457,4689398.729871844
200950.0,4220.26904296875,-7105.35498046875,18.700000762939453,672112.1201971457,4689398.729871844
200951.0,4220.26904296875,-7105.35498046875,18.700000762939453,672112.1201971457,4689398.729871844
200952.0,4220.26904296875,-7105.35498046875,18.700000762939453,672112.1201971457,4689398.729871844
200953.0,4220.26904296875,-7105.35498046875,18.700000762939453,672112.1201971457,4689398.729871844
200954.0,4220.26904296875,-7105.35498046875,18.700000762939453,672112.1201971457,4689398.729871844
200955.0,4220.26904296875,-7105.35498046875,18.799999237060547,672112.1201971457,4689398.729871844
200956.0,4220.26904296875,-7105.35498046875,18.799999237060547,672112.1201971457,4689398.729871844
200957.0,4220.26904296875,-7105.35498046875,18.799999237060547,672112.1201971457,4689398.729871844
200958.0,4220.26904296875,-7105.35498046875,18.799999237060547,672112.1201971457,4689398.729871844
200959.0,4220.26904296875,-7105.35498046875,18.799999237060547,672112.1201971457,4689398.729871844
201000.0,4220.26904296875,-7105.35498046875,18.799999237060547,672112.1201971457,4689398.729871844
201001.0,4220.26904296875,-7105.35498046875,18.799999237060547,672112.1201971457,4689398.729871844
201002.0,4220.26904296875,-7105.35498046875,18.799999237060547,672112.1201971457,4689398.729871844
201003.0,4220.26904296875,-7105.35498046875,18.799999237060547,672112.1201971457,4689398.729871844
201004.0,4220.26904296875,-7105.35498046875,18.799999237060547,672112.1201971457,4689398.729871844
201005.0,4220.26904296875,-7105.35498046875,18.899999618530273,672112.1201971457,4689398.729871844
201006.0,4220.26904296875,-7105.35498046875,18.899999618530273,672112.1201971457,4689398.729871844
201007.0,4220.26904296875,-7105.35498046875,18.899999618530273,672112.1201971457,4689398.729871844
201008.0,4220.26904296875,-7105.35498046875,18.899999618530273,672112.1201971457,4689398.729871844
201009.0,4220.26904296875,-7105.35498046875,18.899999618530273,672112.1201971457,4689398.729871844
201010.0,4220.26904296875,-7105.35498046875,18.899999618530273,672112.1201971457,4689398.729871844
201011.0,4220.26904296875,-7105.35498046875,18.899999618530273,672112.1201971457,4689398.729871844
201012.0,4220.26904296875,-7105.35498046875,18.899999618530273,672112.1201971457,4689398.729871844
201013.0,4220.26904296875,-7105.35498046875,18.899999618530273,672112.1201971457,4689398.729871844
201014.0,4220.26904296875,-7105.35498046875,18.899999618530273,672112.1201971457,4689398.729871844
201015.0,4220.26904296875,-7105.35498046875,18.899999618530273,672112.1201971457,4689398.729871844
201016.0,4220.26904296875,-7105.35498046875,18.899999618530273,672112.1201971457,4689398.729871844
201017.0,4220.26904296875,-7105.35498046875,19.0,672112.1201971457,4689398.729871844
