rosbagTimestamp,header,seq,stamp,secs,nsecs,frame_id,status,status,service,latitude,longitude,altitude,position_covariance,position_covariance_type
1518447243938101343,,35,,0,0,'',,0,0,4220.1798238,-7105.3024368,38.082,"[0.0, 0.0, 0.0, 0.0, 0.0, 0.0, 0.0, 0.0, 0.0]",0
1518447244153039609,,36,,0,0,'',,0,0,4220.1798296,-7105.3024353,38.079,"[0.0, 0.0, 0.0, 0.0, 0.0, 0.0, 0.0, 0.0, 0.0]",0
1518447244360143641,,37,,0,0,'',,0,0,4220.1798352,-7105.3024328,38.078,"[0.0, 0.0, 0.0, 0.0, 0.0, 0.0, 0.0, 0.0, 0.0]",0
1518447244550216001,,38,,0,0,'',,0,0,4220.1798393,-7105.3024291,38.075,"[0.0, 0.0, 0.0, 0.0, 0.0, 0.0, 0.0, 0.0, 0.0]",0
1518447244742244086,,39,,0,0,'',,0,0,4220.1798427,-7105.3024258,38.073,"[0.0, 0.0, 0.0, 0.0, 0.0, 0.0, 0.0, 0.0, 0.0]",0
1518447244950216864,,40,,0,0,'',,0,0,4220.1798419,-7105.3024247,38.083,"[0.0, 0.0, 0.0, 0.0, 0.0, 0.0, 0.0, 0.0, 0.0]",0
1518447245164633024,,41,,0,0,'',,0,0,4220.1798442,-7105.3024237,38.084,"[0.0, 0.0, 0.0, 0.0, 0.0, 0.0, 0.0, 0.0, 0.0]",0
1518447245364966841,,42,,0,0,'',,0,0,4220.1798451,-7105.3024216,38.085,"[0.0, 0.0, 0.0, 0.0, 0.0, 0.0, 0.0, 0.0, 0.0]",0
1518447245536517463,,43,,0,0,'',,0,0,4220.1798487,-7105.3024216,38.079,"[0.0, 0.0, 0.0, 0.0, 0.0, 0.0, 0.0, 0.0, 0.0]",0
1518447245738001473,,44,,0,0,'',,0,0,4220.1798491,-7105.3024197,38.077,"[0.0, 0.0, 0.0, 0.0, 0.0, 0.0, 0.0, 0.0, 0.0]",0
1518447245967746994,,45,,0,0,'',,0,0,4220.1798491,-7105.302418,38.084,"[0.0, 0.0, 0.0, 0.0, 0.0, 0.0, 0.0, 0.0, 0.0]",0
1518447246133819300,,46,,0,0,'',,0,0,4220.1798505,-7105.3024122,38.083,"[0.0, 0.0, 0.0, 0.0, 0.0, 0.0, 0.0, 0.0, 0.0]",0
1518447246349572628,,47,,0,0,'',,0,0,4220.1798503,-7105.3024065,38.083,"[0.0, 0.0, 0.0, 0.0, 0.0, 0.0, 0.0, 0.0, 0.0]",0
1518447246537987465,,48,,0,0,'',,0,0,4220.1798568,-7105.3023983,38.085,"[0.0, 0.0, 0.0, 0.0, 0.0, 0.0, 0.0, 0.0, 0.0]",0
1518447246737215082,,49,,0,0,'',,0,0,4220.1798634,-7105.3023947,38.087,"[0.0, 0.0, 0.0, 0.0, 0.0, 0.0, 0.0, 0.0, 0.0]",0
1518447246974314821,,50,,0,0,'',,0,0,4220.1798625,-7105.3023936,38.096,"[0.0, 0.0, 0.0, 0.0, 0.0, 0.0, 0.0, 0.0, 0.0]",0
1518447247159104510,,51,,0,0,'',,0,0,4220.1798644,-7105.3023939,38.087,"[0.0, 0.0, 0.0, 0.0, 0.0, 0.0, 0.0, 0.0, 0.0]",0
1518447247343403004,,52,,0,0,'',,0,0,4220.1798658,-7105.3023926,38.087,"[0.0, 0.0, 0.0, 0.0, 0.0, 0.0, 0.0, 0.0, 0.0]",0
1518447247550209715,,53,,0,0,'',,0,0,4220.1798677,-7105.3023926,38.088,"[0.0, 0.0, 0.0, 0.0, 0.0, 0.0, 0.0, 0.0, 0.0]",0
1518447247737892849,,54,,0,0,'',,0,0,4220.1798675,-7105.3023917,38.087,"[0.0, 0.0, 0.0, 0.0, 0.0, 0.0, 0.0, 0.0, 0.0]",0
1518447247945003994,,55,,0,0,'',,0,0,4220.1798642,-7105.3023937,38.086,"[0.0, 0.0, 0.0, 0.0, 0.0, 0.0, 0.0, 0.0, 0.0]",0
1518447248157682312,,56,,0,0,'',,0,0,4220.1798617,-7105.3023958,38.085,"[0.0, 0.0, 0.0, 0.0, 0.0, 0.0, 0.0, 0.0, 0.0]",0
1518447248354439976,,57,,0,0,'',,0,0,4220.1798606,-7105.3023975,38.086,"[0.0, 0.0, 0.0, 0.0, 0.0, 0.0, 0.0, 0.0, 0.0]",0
1518447248548174582,,58,,0,0,'',,0,0,4220.1798589,-7105.302398,38.086,"[0.0, 0.0, 0.0, 0.0, 0.0, 0.0, 0.0, 0.0, 0.0]",0
1518447248741772087,,59,,0,0,'',,0,0,4220.1798577,-7105.302401,38.085,"[0.0, 0.0, 0.0, 0.0, 0.0, 0.0, 0.0, 0.0, 0.0]",0
1518447248953601690,,60,,0,0,'',,0,0,4220.1798544,-7105.3024061,38.081,"[0.0, 0.0, 0.0, 0.0, 0.0, 0.0, 0.0, 0.0, 0.0]",0
1518447249151830882,,61,,0,0,'',,0,0,4220.1798537,-7105.302407,38.081,"[0.0, 0.0, 0.0, 0.0, 0.0, 0.0, 0.0, 0.0, 0.0]",0
1518447249354411927,,62,,0,0,'',,0,0,4220.1798528,-7105.3024093,38.084,"[0.0, 0.0, 0.0, 0.0, 0.0, 0.0, 0.0, 0.0, 0.0]",0
1518447249558170078,,63,,0,0,'',,0,0,4220.1798516,-7105.3024101,38.082,"[0.0, 0.0, 0.0, 0.0, 0.0, 0.0, 0.0, 0.0, 0.0]",0
1518447249741201191,,64,,0,0,'',,0,0,4220.1798502,-7105.3024119,38.078,"[0.0, 0.0, 0.0, 0.0, 0.0, 0.0, 0.0, 0.0, 0.0]",0
1518447249962408466,,65,,0,0,'',,0,0,4220.1798513,-7105.3024104,38.076,"[0.0, 0.0, 0.0, 0.0, 0.0, 0.0, 0.0, 0.0, 0.0]",0
1518447250151274673,,66,,0,0,'',,0,0,4220.1798528,-7105.3024091,38.073,"[0.0, 0.0, 0.0, 0.0, 0.0, 0.0, 0.0, 0.0, 0.0]",0
1518447250344613039,,67,,0,0,'',,0,0,4220.1798531,-7105.3024071,38.077,"[0.0, 0.0, 0.0, 0.0, 0.0, 0.0, 0.0, 0.0, 0.0]",0
1518447250553126103,,68,,0,0,'',,0,0,4220.1798547,-7105.302406,38.073,"[0.0, 0.0, 0.0, 0.0, 0.0, 0.0, 0.0, 0.0, 0.0]",0
1518447250741985721,,69,,0,0,'',,0,0,4220.1798552,-7105.3024002,38.071,"[0.0, 0.0, 0.0, 0.0, 0.0, 0.0, 0.0, 0.0, 0.0]",0
1518447250955458178,,70,,0,0,'',,0,0,4220.1798614,-7105.3023994,38.072,"[0.0, 0.0, 0.0, 0.0, 0.0, 0.0, 0.0, 0.0, 0.0]",0
1518447251159846074,,71,,0,0,'',,0,0,4220.1798618,-7105.3023946,38.074,"[0.0, 0.0, 0.0, 0.0, 0.0, 0.0, 0.0, 0.0, 0.0]",0
1518447251349911786,,72,,0,0,'',,0,0,4220.1798626,-7105.3023948,38.075,"[0.0, 0.0, 0.0, 0.0, 0.0, 0.0, 0.0, 0.0, 0.0]",0
1518447251548670251,,73,,0,0,'',,0,0,4220.1798632,-7105.3023938,38.073,"[0.0, 0.0, 0.0, 0.0, 0.0, 0.0, 0.0, 0.0, 0.0]",0
1518447251733678339,,74,,0,0,'',,0,0,4220.179865,-7105.3023925,38.074,"[0.0, 0.0, 0.0, 0.0, 0.0, 0.0, 0.0, 0.0, 0.0]",0
1518447251957103749,,75,,0,0,'',,0,0,4220.1798628,-7105.3023912,38.07,"[0.0, 0.0, 0.0, 0.0, 0.0, 0.0, 0.0, 0.0, 0.0]",0
1518447252137545797,,76,,0,0,'',,0,0,4220.1798624,-7105.3023881,38.071,"[0.0, 0.0, 0.0, 0.0, 0.0, 0.0, 0.0, 0.0, 0.0]",0
1518447252346918063,,77,,0,0,'',,0,0,4220.1798633,-7105.3023855,38.074,"[0.0, 0.0, 0.0, 0.0, 0.0, 0.0, 0.0, 0.0, 0.0]",0
1518447252551308476,,78,,0,0,'',,0,0,4220.1798668,-7105.302384,38.079,"[0.0, 0.0, 0.0, 0.0, 0.0, 0.0, 0.0, 0.0, 0.0]",0
1518447252753566048,,79,,0,0,'',,0,0,4220.1798681,-7105.3023827,38.079,"[0.0, 0.0, 0.0, 0.0, 0.0, 0.0, 0.0, 0.0, 0.0]",0
1518447252942177961,,80,,0,0,'',,0,0,4220.1798678,-7105.3023849,38.08,"[0.0, 0.0, 0.0, 0.0, 0.0, 0.0, 0.0, 0.0, 0.0]",0
1518447253157323851,,81,,0,0,'',,0,0,4220.1798703,-7105.3023836,38.084,"[0.0, 0.0, 0.0, 0.0, 0.0, 0.0, 0.0, 0.0, 0.0]",0
1518447253331258461,,82,,0,0,'',,0,0,4220.1798716,-7105.3023795,38.087,"[0.0, 0.0, 0.0, 0.0, 0.0, 0.0, 0.0, 0.0, 0.0]",0
1518447253540959015,,83,,0,0,'',,0,0,4220.1798706,-7105.3023747,38.091,"[0.0, 0.0, 0.0, 0.0, 0.0, 0.0, 0.0, 0.0, 0.0]",0
1518447253744369775,,84,,0,0,'',,0,0,4220.1798707,-7105.3023755,38.09,"[0.0, 0.0, 0.0, 0.0, 0.0, 0.0, 0.0, 0.0, 0.0]",0
1518447253953979988,,85,,0,0,'',,0,0,4220.1798648,-7105.3023771,38.086,"[0.0, 0.0, 0.0, 0.0, 0.0, 0.0, 0.0, 0.0, 0.0]",0
1518447254130633151,,86,,0,0,'',,0,0,4220.1798621,-7105.3023757,38.088,"[0.0, 0.0, 0.0, 0.0, 0.0, 0.0, 0.0, 0.0, 0.0]",0
1518447254350916471,,87,,0,0,'',,0,0,4220.179863,-7105.3023776,38.093,"[0.0, 0.0, 0.0, 0.0, 0.0, 0.0, 0.0, 0.0, 0.0]",0
1518447254548099301,,88,,0,0,'',,0,0,4220.1798654,-7105.3024068,38.119,"[0.0, 0.0, 0.0, 0.0, 0.0, 0.0, 0.0, 0.0, 0.0]",0
1518447254752910608,,89,,0,0,'',,0,0,4220.179861,-7105.3024395,38.147,"[0.0, 0.0, 0.0, 0.0, 0.0, 0.0, 0.0, 0.0, 0.0]",0
1518447254952404470,,90,,0,0,'',,0,0,4220.1798555,-7105.3024821,38.169,"[0.0, 0.0, 0.0, 0.0, 0.0, 0.0, 0.0, 0.0, 0.0]",0
1518447255144477857,,91,,0,0,'',,0,0,4220.1798831,-7105.3025543,38.154,"[0.0, 0.0, 0.0, 0.0, 0.0, 0.0, 0.0, 0.0, 0.0]",0
1518447255393903997,,92,,0,0,'',,0,0,4220.1799103,-7105.3026229,38.161,"[0.0, 0.0, 0.0, 0.0, 0.0, 0.0, 0.0, 0.0, 0.0]",0
1518447255540654358,,93,,0,0,'',,0,0,4220.1799285,-7105.3026898,38.161,"[0.0, 0.0, 0.0, 0.0, 0.0, 0.0, 0.0, 0.0, 0.0]",0
1518447255745423231,,94,,0,0,'',,0,0,4220.1799475,-7105.3027577,38.124,"[0.0, 0.0, 0.0, 0.0, 0.0, 0.0, 0.0, 0.0, 0.0]",0
1518447255950475171,,95,,0,0,'',,0,0,4220.1799777,-7105.3028128,38.104,"[0.0, 0.0, 0.0, 0.0, 0.0, 0.0, 0.0, 0.0, 0.0]",0
1518447256173870772,,96,,0,0,'',,0,0,4220.1800287,-7105.3028712,38.108,"[0.0, 0.0, 0.0, 0.0, 0.0, 0.0, 0.0, 0.0, 0.0]",0
1518447256358684987,,97,,0,0,'',,0,0,4220.1800869,-7105.302911,38.125,"[0.0, 0.0, 0.0, 0.0, 0.0, 0.0, 0.0, 0.0, 0.0]",0
1518447256565339572,,98,,0,0,'',,0,0,4220.1801345,-7105.3029498,38.125,"[0.0, 0.0, 0.0, 0.0, 0.0, 0.0, 0.0, 0.0, 0.0]",0
1518447256742928535,,99,,0,0,'',,0,0,4220.1801783,-7105.3029995,38.11,"[0.0, 0.0, 0.0, 0.0, 0.0, 0.0, 0.0, 0.0, 0.0]",0
1518447256970003676,,100,,0,0,'',,0,0,4220.1802392,-7105.3030818,38.117,"[0.0, 0.0, 0.0, 0.0, 0.0, 0.0, 0.0, 0.0, 0.0]",0
1518447257185474719,,101,,0,0,'',,0,0,4220.1802952,-7105.3031558,38.161,"[0.0, 0.0, 0.0, 0.0, 0.0, 0.0, 0.0, 0.0, 0.0]",0
1518447257346251564,,102,,0,0,'',,0,0,4220.1803442,-7105.3032235,38.166,"[0.0, 0.0, 0.0, 0.0, 0.0, 0.0, 0.0, 0.0, 0.0]",0
1518447257556885263,,103,,0,0,'',,0,0,4220.1803929,-7105.3032917,38.158,"[0.0, 0.0, 0.0, 0.0, 0.0, 0.0, 0.0, 0.0, 0.0]",0
1518447257745580528,,104,,0,0,'',,0,0,4220.1804581,-7105.3033663,38.154,"[0.0, 0.0, 0.0, 0.0, 0.0, 0.0, 0.0, 0.0, 0.0]",0
1518447257949385308,,105,,0,0,'',,0,0,4220.1805204,-7105.3034417,38.17,"[0.0, 0.0, 0.0, 0.0, 0.0, 0.0, 0.0, 0.0, 0.0]",0
1518447258173280279,,106,,0,0,'',,0,0,4220.1805743,-7105.3035168,38.177,"[0.0, 0.0, 0.0, 0.0, 0.0, 0.0, 0.0, 0.0, 0.0]",0
1518447258358661753,,107,,0,0,'',,0,0,4220.1806268,-7105.3036039,38.154,"[0.0, 0.0, 0.0, 0.0, 0.0, 0.0, 0.0, 0.0, 0.0]",0
1518447258562097370,,108,,0,0,'',,0,0,4220.1806763,-7105.3036923,38.175,"[0.0, 0.0, 0.0, 0.0, 0.0, 0.0, 0.0, 0.0, 0.0]",0
1518447258746081739,,109,,0,0,'',,0,0,4220.1807126,-7105.30376,38.191,"[0.0, 0.0, 0.0, 0.0, 0.0, 0.0, 0.0, 0.0, 0.0]",0
1518447258943167641,,110,,0,0,'',,0,0,4220.1807435,-7105.3038104,38.176,"[0.0, 0.0, 0.0, 0.0, 0.0, 0.0, 0.0, 0.0, 0.0]",0
1518447259155629693,,111,,0,0,'',,0,0,4220.1807889,-7105.303873,38.16,"[0.0, 0.0, 0.0, 0.0, 0.0, 0.0, 0.0, 0.0, 0.0]",0
1518447259347284258,,112,,0,0,'',,0,0,4220.1808553,-7105.3039394,38.178,"[0.0, 0.0, 0.0, 0.0, 0.0, 0.0, 0.0, 0.0, 0.0]",0
1518447259971310203,,113,,0,0,'',,0,0,4220.1809223,-7105.3039914,38.221,"[0.0, 0.0, 0.0, 0.0, 0.0, 0.0, 0.0, 0.0, 0.0]",0
1518447259977241591,,114,,0,0,'',,0,0,4220.1809616,-7105.3040291,38.228,"[0.0, 0.0, 0.0, 0.0, 0.0, 0.0, 0.0, 0.0, 0.0]",0
1518447259982779541,,115,,0,0,'',,0,0,4220.1810041,-7105.3040734,38.209,"[0.0, 0.0, 0.0, 0.0, 0.0, 0.0, 0.0, 0.0, 0.0]",0
1518447260474285845,,116,,0,0,'',,0,0,4220.1810525,-7105.3041402,38.185,"[0.0, 0.0, 0.0, 0.0, 0.0, 0.0, 0.0, 0.0, 0.0]",0
1518447260483136035,,117,,0,0,'',,0,0,4220.1811038,-7105.3042089,38.209,"[0.0, 0.0, 0.0, 0.0, 0.0, 0.0, 0.0, 0.0, 0.0]",0
1518447260643929332,,118,,0,0,'',,0,0,4220.1811459,-7105.3042641,38.232,"[0.0, 0.0, 0.0, 0.0, 0.0, 0.0, 0.0, 0.0, 0.0]",0
1518447260771786608,,119,,0,0,'',,0,0,4220.1811881,-7105.3043161,38.225,"[0.0, 0.0, 0.0, 0.0, 0.0, 0.0, 0.0, 0.0, 0.0]",0
1518447260948780302,,120,,0,0,'',,0,0,4220.1812416,-7105.3043749,38.217,"[0.0, 0.0, 0.0, 0.0, 0.0, 0.0, 0.0, 0.0, 0.0]",0
1518447261246258562,,121,,0,0,'',,0,0,4220.1812982,-7105.3044394,38.244,"[0.0, 0.0, 0.0, 0.0, 0.0, 0.0, 0.0, 0.0, 0.0]",0
1518447261775007619,,122,,0,0,'',,0,0,4220.1813453,-7105.3044948,38.256,"[0.0, 0.0, 0.0, 0.0, 0.0, 0.0, 0.0, 0.0, 0.0]",0
1518447261786201279,,123,,0,0,'',,0,0,4220.1813858,-7105.3045442,38.25,"[0.0, 0.0, 0.0, 0.0, 0.0, 0.0, 0.0, 0.0, 0.0]",0
1518447261793041199,,124,,0,0,'',,0,0,4220.1814301,-7105.3046107,38.236,"[0.0, 0.0, 0.0, 0.0, 0.0, 0.0, 0.0, 0.0, 0.0]",0
1518447261955794673,,125,,0,0,'',,0,0,4220.181472,-7105.3047017,38.24,"[0.0, 0.0, 0.0, 0.0, 0.0, 0.0, 0.0, 0.0, 0.0]",0
1518447262281537379,,126,,0,0,'',,0,0,4220.1815138,-7105.3047731,38.261,"[0.0, 0.0, 0.0, 0.0, 0.0, 0.0, 0.0, 0.0, 0.0]",0
1518447262770848210,,127,,0,0,'',,0,0,4220.1815491,-7105.3048295,38.256,"[0.0, 0.0, 0.0, 0.0, 0.0, 0.0, 0.0, 0.0, 0.0]",0
1518447262778090286,,128,,0,0,'',,0,0,4220.1815898,-7105.3048847,38.244,"[0.0, 0.0, 0.0, 0.0, 0.0, 0.0, 0.0, 0.0, 0.0]",0
1518447262896987194,,129,,0,0,'',,0,0,4220.1816394,-7105.3049457,38.24,"[0.0, 0.0, 0.0, 0.0, 0.0, 0.0, 0.0, 0.0, 0.0]",0
1518447263996447150,,130,,0,0,'',,0,0,4220.181691,-7105.3049993,38.272,"[0.0, 0.0, 0.0, 0.0, 0.0, 0.0, 0.0, 0.0, 0.0]",0
1518447264000695980,,131,,0,0,'',,0,0,4220.1817323,-7105.305049,38.286,"[0.0, 0.0, 0.0, 0.0, 0.0, 0.0, 0.0, 0.0, 0.0]",0
1518447264003216791,,132,,0,0,'',,0,0,4220.1817649,-7105.3050929,38.279,"[0.0, 0.0, 0.0, 0.0, 0.0, 0.0, 0.0, 0.0, 0.0]",0
1518447264009429377,,133,,0,0,'',,0,0,4220.1817931,-7105.305143,38.274,"[0.0, 0.0, 0.0, 0.0, 0.0, 0.0, 0.0, 0.0, 0.0]",0
1518447264125984698,,134,,0,0,'',,0,0,4220.1818314,-7105.3052103,38.275,"[0.0, 0.0, 0.0, 0.0, 0.0, 0.0, 0.0, 0.0, 0.0]",0
1518447264138119079,,135,,0,0,'',,0,0,4220.1818659,-7105.3052799,38.287,"[0.0, 0.0, 0.0, 0.0, 0.0, 0.0, 0.0, 0.0, 0.0]",0
1518447264167700889,,136,,0,0,'',,0,0,4220.1818929,-7105.305344,38.285,"[0.0, 0.0, 0.0, 0.0, 0.0, 0.0, 0.0, 0.0, 0.0]",0
1518447264484911878,,137,,0,0,'',,0,0,4220.1819281,-7105.305401,38.282,"[0.0, 0.0, 0.0, 0.0, 0.0, 0.0, 0.0, 0.0, 0.0]",0
1518447265077326910,,138,,0,0,'',,0,0,4220.1819738,-7105.3054598,38.265,"[0.0, 0.0, 0.0, 0.0, 0.0, 0.0, 0.0, 0.0, 0.0]",0
1518447265087914272,,139,,0,0,'',,0,0,4220.1820306,-7105.3055275,38.286,"[0.0, 0.0, 0.0, 0.0, 0.0, 0.0, 0.0, 0.0, 0.0]",0
1518447265292937631,,140,,0,0,'',,0,0,4220.1820721,-7105.3055817,38.292,"[0.0, 0.0, 0.0, 0.0, 0.0, 0.0, 0.0, 0.0, 0.0]",0
1518447265297762173,,141,,0,0,'',,0,0,4220.182108,-7105.3056381,38.279,"[0.0, 0.0, 0.0, 0.0, 0.0, 0.0, 0.0, 0.0, 0.0]",0
1518447265338276453,,142,,0,0,'',,0,0,4220.1821382,-7105.305704,38.251,"[0.0, 0.0, 0.0, 0.0, 0.0, 0.0, 0.0, 0.0, 0.0]",0
1518447265538164707,,143,,0,0,'',,0,0,4220.1821781,-7105.3057905,38.266,"[0.0, 0.0, 0.0, 0.0, 0.0, 0.0, 0.0, 0.0, 0.0]",0
1518447265759245529,,144,,0,0,'',,0,0,4220.1822133,-7105.3058582,38.278,"[0.0, 0.0, 0.0, 0.0, 0.0, 0.0, 0.0, 0.0, 0.0]",0
1518447265975828963,,145,,0,0,'',,0,0,4220.1822401,-7105.3059199,38.281,"[0.0, 0.0, 0.0, 0.0, 0.0, 0.0, 0.0, 0.0, 0.0]",0
1518447266138297671,,146,,0,0,'',,0,0,4220.1822825,-7105.3059835,38.275,"[0.0, 0.0, 0.0, 0.0, 0.0, 0.0, 0.0, 0.0, 0.0]",0
1518447266464154066,,147,,0,0,'',,0,0,4220.1823419,-7105.3060586,38.271,"[0.0, 0.0, 0.0, 0.0, 0.0, 0.0, 0.0, 0.0, 0.0]",0
1518447266756079876,,148,,0,0,'',,0,0,4220.1824022,-7105.3061168,38.294,"[0.0, 0.0, 0.0, 0.0, 0.0, 0.0, 0.0, 0.0, 0.0]",0
1518447266765604907,,149,,0,0,'',,0,0,4220.182453,-7105.3061611,38.309,"[0.0, 0.0, 0.0, 0.0, 0.0, 0.0, 0.0, 0.0, 0.0]",0
1518447266932577239,,150,,0,0,'',,0,0,4220.1824801,-7105.3062046,38.303,"[0.0, 0.0, 0.0, 0.0, 0.0, 0.0, 0.0, 0.0, 0.0]",0
1518447267385436974,,151,,0,0,'',,0,0,4220.1825155,-7105.3062713,38.304,"[0.0, 0.0, 0.0, 0.0, 0.0, 0.0, 0.0, 0.0, 0.0]",0
1518447267562218486,,152,,0,0,'',,0,0,4220.1825522,-7105.3063385,38.308,"[0.0, 0.0, 0.0, 0.0, 0.0, 0.0, 0.0, 0.0, 0.0]",0
1518447267698499772,,153,,0,0,'',,0,0,4220.1825814,-7105.3063991,38.31,"[0.0, 0.0, 0.0, 0.0, 0.0, 0.0, 0.0, 0.0, 0.0]",0
1518447267955721271,,154,,0,0,'',,0,0,4220.1826095,-7105.3064411,38.312,"[0.0, 0.0, 0.0, 0.0, 0.0, 0.0, 0.0, 0.0, 0.0]",0
1518447268037769757,,155,,0,0,'',,0,0,4220.1826487,-7105.3064956,38.311,"[0.0, 0.0, 0.0, 0.0, 0.0, 0.0, 0.0, 0.0, 0.0]",0
1518447268154217697,,156,,0,0,'',,0,0,4220.1826955,-7105.3065514,38.302,"[0.0, 0.0, 0.0, 0.0, 0.0, 0.0, 0.0, 0.0, 0.0]",0
1518447268374532375,,157,,0,0,'',,0,0,4220.182748,-7105.3066,38.323,"[0.0, 0.0, 0.0, 0.0, 0.0, 0.0, 0.0, 0.0, 0.0]",0
1518447268578360407,,158,,0,0,'',,0,0,4220.1827935,-7105.3066434,38.342,"[0.0, 0.0, 0.0, 0.0, 0.0, 0.0, 0.0, 0.0, 0.0]",0
1518447268785550664,,159,,0,0,'',,0,0,4220.1828263,-7105.3066828,38.342,"[0.0, 0.0, 0.0, 0.0, 0.0, 0.0, 0.0, 0.0, 0.0]",0
1518447268934941261,,160,,0,0,'',,0,0,4220.1828607,-7105.3067338,38.339,"[0.0, 0.0, 0.0, 0.0, 0.0, 0.0, 0.0, 0.0, 0.0]",0
1518447269171397098,,161,,0,0,'',,0,0,4220.1829034,-7105.3068021,38.336,"[0.0, 0.0, 0.0, 0.0, 0.0, 0.0, 0.0, 0.0, 0.0]",0
1518447269341340858,,162,,0,0,'',,0,0,4220.182934,-7105.3068614,38.338,"[0.0, 0.0, 0.0, 0.0, 0.0, 0.0, 0.0, 0.0, 0.0]",0
1518447269542203977,,163,,0,0,'',,0,0,4220.1829552,-7105.3069113,38.322,"[0.0, 0.0, 0.0, 0.0, 0.0, 0.0, 0.0, 0.0, 0.0]",0
1518447269755791767,,164,,0,0,'',,0,0,4220.1829887,-7105.3069596,38.316,"[0.0, 0.0, 0.0, 0.0, 0.0, 0.0, 0.0, 0.0, 0.0]",0
1518447269946810015,,165,,0,0,'',,0,0,4220.1830511,-7105.3070238,38.337,"[0.0, 0.0, 0.0, 0.0, 0.0, 0.0, 0.0, 0.0, 0.0]",0
1518447270154648599,,166,,0,0,'',,0,0,4220.1831031,-7105.3070737,38.334,"[0.0, 0.0, 0.0, 0.0, 0.0, 0.0, 0.0, 0.0, 0.0]",0
1518447270362107599,,167,,0,0,'',,0,0,4220.1831459,-7105.3071186,38.336,"[0.0, 0.0, 0.0, 0.0, 0.0, 0.0, 0.0, 0.0, 0.0]",0
1518447270577203735,,168,,0,0,'',,0,0,4220.1831785,-7105.3071649,38.332,"[0.0, 0.0, 0.0, 0.0, 0.0, 0.0, 0.0, 0.0, 0.0]",0
1518447270857389985,,169,,0,0,'',,0,0,4220.1832115,-7105.3072196,38.325,"[0.0, 0.0, 0.0, 0.0, 0.0, 0.0, 0.0, 0.0, 0.0]",0
1518447270931097033,,170,,0,0,'',,0,0,4220.183252,-7105.3072969,38.32,"[0.0, 0.0, 0.0, 0.0, 0.0, 0.0, 0.0, 0.0, 0.0]",0
1518447271345513734,,171,,0,0,'',,0,0,4220.1832866,-7105.3073725,38.329,"[0.0, 0.0, 0.0, 0.0, 0.0, 0.0, 0.0, 0.0, 0.0]",0
1518447271354286738,,172,,0,0,'',,0,0,4220.1833192,-7105.3074324,38.334,"[0.0, 0.0, 0.0, 0.0, 0.0, 0.0, 0.0, 0.0, 0.0]",0
1518447271540951594,,173,,0,0,'',,0,0,4220.1833461,-7105.3074839,38.33,"[0.0, 0.0, 0.0, 0.0, 0.0, 0.0, 0.0, 0.0, 0.0]",0
1518447271749070264,,174,,0,0,'',,0,0,4220.1833875,-7105.3075352,38.327,"[0.0, 0.0, 0.0, 0.0, 0.0, 0.0, 0.0, 0.0, 0.0]",0
1518447271937856378,,175,,0,0,'',,0,0,4220.1834395,-7105.3075929,38.338,"[0.0, 0.0, 0.0, 0.0, 0.0, 0.0, 0.0, 0.0, 0.0]",0
1518447272148215765,,176,,0,0,'',,0,0,4220.183479,-7105.3076385,38.337,"[0.0, 0.0, 0.0, 0.0, 0.0, 0.0, 0.0, 0.0, 0.0]",0
1518447272352549667,,177,,0,0,'',,0,0,4220.183511,-7105.3076819,38.336,"[0.0, 0.0, 0.0, 0.0, 0.0, 0.0, 0.0, 0.0, 0.0]",0
1518447272612159727,,178,,0,0,'',,0,0,4220.1835473,-7105.307727,38.33,"[0.0, 0.0, 0.0, 0.0, 0.0, 0.0, 0.0, 0.0, 0.0]",0
1518447272747891230,,179,,0,0,'',,0,0,4220.1835851,-7105.3078015,38.33,"[0.0, 0.0, 0.0, 0.0, 0.0, 0.0, 0.0, 0.0, 0.0]",0
1518447273557928602,,180,,0,0,'',,0,0,4220.1836285,-7105.3078769,38.345,"[0.0, 0.0, 0.0, 0.0, 0.0, 0.0, 0.0, 0.0, 0.0]",0
1518447273562153609,,181,,0,0,'',,0,0,4220.1836606,-7105.3079449,38.349,"[0.0, 0.0, 0.0, 0.0, 0.0, 0.0, 0.0, 0.0, 0.0]",0
1518447273692006300,,182,,0,0,'',,0,0,4220.1836891,-7105.3079935,38.34,"[0.0, 0.0, 0.0, 0.0, 0.0, 0.0, 0.0, 0.0, 0.0]",0
1518447273694640232,,183,,0,0,'',,0,0,4220.1837369,-7105.3080482,38.339,"[0.0, 0.0, 0.0, 0.0, 0.0, 0.0, 0.0, 0.0, 0.0]",0
1518447274073084605,,184,,0,0,'',,0,0,4220.1837858,-7105.3081142,38.338,"[0.0, 0.0, 0.0, 0.0, 0.0, 0.0, 0.0, 0.0, 0.0]",0
1518447274077816825,,185,,0,0,'',,0,0,4220.1838293,-7105.3081705,38.353,"[0.0, 0.0, 0.0, 0.0, 0.0, 0.0, 0.0, 0.0, 0.0]",0
1518447274322785897,,186,,0,0,'',,0,0,4220.1838682,-7105.3082189,38.358,"[0.0, 0.0, 0.0, 0.0, 0.0, 0.0, 0.0, 0.0, 0.0]",0
1518447274409779622,,187,,0,0,'',,0,0,4220.1839011,-7105.308271,38.355,"[0.0, 0.0, 0.0, 0.0, 0.0, 0.0, 0.0, 0.0, 0.0]",0
1518447274565904523,,188,,0,0,'',,0,0,4220.1839395,-7105.308336,38.355,"[0.0, 0.0, 0.0, 0.0, 0.0, 0.0, 0.0, 0.0, 0.0]",0
1518447274730522300,,189,,0,0,'',,0,0,4220.1839815,-7105.308413,38.365,"[0.0, 0.0, 0.0, 0.0, 0.0, 0.0, 0.0, 0.0, 0.0]",0
1518447274944580300,,190,,0,0,'',,0,0,4220.1840092,-7105.3084823,38.361,"[0.0, 0.0, 0.0, 0.0, 0.0, 0.0, 0.0, 0.0, 0.0]",0
1518447275164023144,,191,,0,0,'',,0,0,4220.1840397,-7105.3085339,38.361,"[0.0, 0.0, 0.0, 0.0, 0.0, 0.0, 0.0, 0.0, 0.0]",0
1518447275347984024,,192,,0,0,'',,0,0,4220.1840736,-7105.3085841,38.358,"[0.0, 0.0, 0.0, 0.0, 0.0, 0.0, 0.0, 0.0, 0.0]",0
1518447275612233141,,193,,0,0,'',,0,0,4220.1841133,-7105.3086367,38.345,"[0.0, 0.0, 0.0, 0.0, 0.0, 0.0, 0.0, 0.0, 0.0]",0
1518447275748812445,,194,,0,0,'',,0,0,4220.184158,-7105.3086961,38.361,"[0.0, 0.0, 0.0, 0.0, 0.0, 0.0, 0.0, 0.0, 0.0]",0
1518447275952868170,,195,,0,0,'',,0,0,4220.1842009,-7105.3087479,38.356,"[0.0, 0.0, 0.0, 0.0, 0.0, 0.0, 0.0, 0.0, 0.0]",0
1518447276138909676,,196,,0,0,'',,0,0,4220.1842378,-7105.3087965,38.357,"[0.0, 0.0, 0.0, 0.0, 0.0, 0.0, 0.0, 0.0, 0.0]",0
1518447276350639479,,197,,0,0,'',,0,0,4220.1842735,-7105.3088494,38.35,"[0.0, 0.0, 0.0, 0.0, 0.0, 0.0, 0.0, 0.0, 0.0]",0
1518447276542433009,,198,,0,0,'',,0,0,4220.1843166,-7105.3089216,38.348,"[0.0, 0.0, 0.0, 0.0, 0.0, 0.0, 0.0, 0.0, 0.0]",0
1518447276743555752,,199,,0,0,'',,0,0,4220.18436,-7105.3089892,38.361,"[0.0, 0.0, 0.0, 0.0, 0.0, 0.0, 0.0, 0.0, 0.0]",0
1518447276937614976,,200,,0,0,'',,0,0,4220.1844019,-7105.3090432,38.369,"[0.0, 0.0, 0.0, 0.0, 0.0, 0.0, 0.0, 0.0, 0.0]",0
1518447277178969915,,201,,0,0,'',,0,0,4220.1844436,-7105.3090937,38.364,"[0.0, 0.0, 0.0, 0.0, 0.0, 0.0, 0.0, 0.0, 0.0]",0
1518447277353907610,,202,,0,0,'',,0,0,4220.1844921,-7105.3091474,38.354,"[0.0, 0.0, 0.0, 0.0, 0.0, 0.0, 0.0, 0.0, 0.0]",0
1518447277535865104,,203,,0,0,'',,0,0,4220.1845493,-7105.3092003,38.357,"[0.0, 0.0, 0.0, 0.0, 0.0, 0.0, 0.0, 0.0, 0.0]",0
1518447277741845584,,204,,0,0,'',,0,0,4220.1845958,-7105.309242,38.369,"[0.0, 0.0, 0.0, 0.0, 0.0, 0.0, 0.0, 0.0, 0.0]",0
1518447277939393993,,205,,0,0,'',,0,0,4220.1846113,-7105.3092852,38.33,"[0.0, 0.0, 0.0, 0.0, 0.0, 0.0, 0.0, 0.0, 0.0]",0
1518447278149104021,,206,,0,0,'',,0,0,4220.184657,-7105.3093572,38.338,"[0.0, 0.0, 0.0, 0.0, 0.0, 0.0, 0.0, 0.0, 0.0]",0
1518447278357664292,,207,,0,0,'',,0,0,4220.1846966,-7105.3094401,38.354,"[0.0, 0.0, 0.0, 0.0, 0.0, 0.0, 0.0, 0.0, 0.0]",0
1518447278563027699,,208,,0,0,'',,0,0,4220.1847299,-7105.3095134,38.363,"[0.0, 0.0, 0.0, 0.0, 0.0, 0.0, 0.0, 0.0, 0.0]",0
1518447278738031222,,209,,0,0,'',,0,0,4220.1847687,-7105.3095631,38.37,"[0.0, 0.0, 0.0, 0.0, 0.0, 0.0, 0.0, 0.0, 0.0]",0
1518447278961759371,,210,,0,0,'',,0,0,4220.1848119,-7105.3096168,38.364,"[0.0, 0.0, 0.0, 0.0, 0.0, 0.0, 0.0, 0.0, 0.0]",0
1518447279154038428,,211,,0,0,'',,0,0,4220.1848603,-7105.3096761,38.361,"[0.0, 0.0, 0.0, 0.0, 0.0, 0.0, 0.0, 0.0, 0.0]",0
1518447279376962407,,212,,0,0,'',,0,0,4220.1849179,-7105.3097311,38.376,"[0.0, 0.0, 0.0, 0.0, 0.0, 0.0, 0.0, 0.0, 0.0]",0
1518447279536838030,,213,,0,0,'',,0,0,4220.1849579,-7105.3097783,38.379,"[0.0, 0.0, 0.0, 0.0, 0.0, 0.0, 0.0, 0.0, 0.0]",0
1518447279740409228,,214,,0,0,'',,0,0,4220.184992,-7105.309828,38.373,"[0.0, 0.0, 0.0, 0.0, 0.0, 0.0, 0.0, 0.0, 0.0]",0
1518447279946111918,,215,,0,0,'',,0,0,4220.1850255,-7105.309891,38.346,"[0.0, 0.0, 0.0, 0.0, 0.0, 0.0, 0.0, 0.0, 0.0]",0
1518447280150406954,,216,,0,0,'',,0,0,4220.1850672,-7105.3099602,38.357,"[0.0, 0.0, 0.0, 0.0, 0.0, 0.0, 0.0, 0.0, 0.0]",0
1518447280349346400,,217,,0,0,'',,0,0,4220.1851088,-7105.3100301,38.371,"[0.0, 0.0, 0.0, 0.0, 0.0, 0.0, 0.0, 0.0, 0.0]",0
1518447280544441911,,218,,0,0,'',,0,0,4220.185141,-7105.3100754,38.375,"[0.0, 0.0, 0.0, 0.0, 0.0, 0.0, 0.0, 0.0, 0.0]",0
1518447280740393642,,219,,0,0,'',,0,0,4220.1851625,-7105.3101205,38.346,"[0.0, 0.0, 0.0, 0.0, 0.0, 0.0, 0.0, 0.0, 0.0]",0
1518447280941835924,,220,,0,0,'',,0,0,4220.1852051,-7105.3101799,38.353,"[0.0, 0.0, 0.0, 0.0, 0.0, 0.0, 0.0, 0.0, 0.0]",0
1518447281160058893,,221,,0,0,'',,0,0,4220.1852653,-7105.3102431,38.376,"[0.0, 0.0, 0.0, 0.0, 0.0, 0.0, 0.0, 0.0, 0.0]",0
1518447281359868559,,222,,0,0,'',,0,0,4220.1853012,-7105.3103013,38.368,"[0.0, 0.0, 0.0, 0.0, 0.0, 0.0, 0.0, 0.0, 0.0]",0
1518447281549626626,,223,,0,0,'',,0,0,4220.1853174,-7105.3103618,38.355,"[0.0, 0.0, 0.0, 0.0, 0.0, 0.0, 0.0, 0.0, 0.0]",0
1518447281733224665,,224,,0,0,'',,0,0,4220.1853541,-7105.3104373,38.342,"[0.0, 0.0, 0.0, 0.0, 0.0, 0.0, 0.0, 0.0, 0.0]",0
1518447281965932543,,225,,0,0,'',,0,0,4220.1853876,-7105.3105161,38.359,"[0.0, 0.0, 0.0, 0.0, 0.0, 0.0, 0.0, 0.0, 0.0]",0
1518447282162961987,,226,,0,0,'',,0,0,4220.1854216,-7105.3105813,38.36,"[0.0, 0.0, 0.0, 0.0, 0.0, 0.0, 0.0, 0.0, 0.0]",0
1518447282340813834,,227,,0,0,'',,0,0,4220.1854264,-7105.3106262,38.347,"[0.0, 0.0, 0.0, 0.0, 0.0, 0.0, 0.0, 0.0, 0.0]",0
1518447282553283955,,228,,0,0,'',,0,0,4220.1854671,-7105.3106755,38.35,"[0.0, 0.0, 0.0, 0.0, 0.0, 0.0, 0.0, 0.0, 0.0]",0
1518447282735036871,,229,,0,0,'',,0,0,4220.1855035,-7105.3107274,38.339,"[0.0, 0.0, 0.0, 0.0, 0.0, 0.0, 0.0, 0.0, 0.0]",0
1518447282963696382,,230,,0,0,'',,0,0,4220.1855207,-7105.3107764,38.337,"[0.0, 0.0, 0.0, 0.0, 0.0, 0.0, 0.0, 0.0, 0.0]",0
1518447283170144927,,231,,0,0,'',,0,0,4220.1855501,-7105.3108159,38.343,"[0.0, 0.0, 0.0, 0.0, 0.0, 0.0, 0.0, 0.0, 0.0]",0
1518447283327162149,,232,,0,0,'',,0,0,4220.1855609,-7105.3108557,38.344,"[0.0, 0.0, 0.0, 0.0, 0.0, 0.0, 0.0, 0.0, 0.0]",0
1518447283566661539,,233,,0,0,'',,0,0,4220.1855733,-7105.3109003,38.33,"[0.0, 0.0, 0.0, 0.0, 0.0, 0.0, 0.0, 0.0, 0.0]",0
1518447283728883711,,234,,0,0,'',,0,0,4220.1855832,-7105.3109578,38.34,"[0.0, 0.0, 0.0, 0.0, 0.0, 0.0, 0.0, 0.0, 0.0]",0
1518447283971695240,,235,,0,0,'',,0,0,4220.1855799,-7105.3110102,38.348,"[0.0, 0.0, 0.0, 0.0, 0.0, 0.0, 0.0, 0.0, 0.0]",0
1518447284152825873,,236,,0,0,'',,0,0,4220.1855651,-7105.3110404,38.351,"[0.0, 0.0, 0.0, 0.0, 0.0, 0.0, 0.0, 0.0, 0.0]",0
1518447284358303446,,237,,0,0,'',,0,0,4220.185534,-7105.3110747,38.36,"[0.0, 0.0, 0.0, 0.0, 0.0, 0.0, 0.0, 0.0, 0.0]",0
1518447284537064286,,238,,0,0,'',,0,0,4220.1855013,-7105.3110952,38.352,"[0.0, 0.0, 0.0, 0.0, 0.0, 0.0, 0.0, 0.0, 0.0]",0
1518447284743103421,,239,,0,0,'',,0,0,4220.1854654,-7105.3111169,38.373,"[0.0, 0.0, 0.0, 0.0, 0.0, 0.0, 0.0, 0.0, 0.0]",0
1518447284962612078,,240,,0,0,'',,0,0,4220.1854538,-7105.3111265,38.378,"[0.0, 0.0, 0.0, 0.0, 0.0, 0.0, 0.0, 0.0, 0.0]",0
1518447285133471701,,241,,0,0,'',,0,0,4220.1854349,-7105.3111244,38.368,"[0.0, 0.0, 0.0, 0.0, 0.0, 0.0, 0.0, 0.0, 0.0]",0
1518447285339652946,,242,,0,0,'',,0,0,4220.1854206,-7105.3111462,38.329,"[0.0, 0.0, 0.0, 0.0, 0.0, 0.0, 0.0, 0.0, 0.0]",0
1518447285544863324,,243,,0,0,'',,0,0,4220.1853802,-7105.3111879,38.279,"[0.0, 0.0, 0.0, 0.0, 0.0, 0.0, 0.0, 0.0, 0.0]",0
1518447285744655651,,244,,0,0,'',,0,0,4220.1853183,-7105.3112265,38.215,"[0.0, 0.0, 0.0, 0.0, 0.0, 0.0, 0.0, 0.0, 0.0]",0
1518447285953505175,,245,,0,0,'',,0,0,4220.1852864,-7105.311237,38.243,"[0.0, 0.0, 0.0, 0.0, 0.0, 0.0, 0.0, 0.0, 0.0]",0
1518447286139519169,,246,,0,0,'',,0,0,4220.1852532,-7105.3112641,38.262,"[0.0, 0.0, 0.0, 0.0, 0.0, 0.0, 0.0, 0.0, 0.0]",0
1518447286345224364,,247,,0,0,'',,0,0,4220.1852308,-7105.3112866,38.263,"[0.0, 0.0, 0.0, 0.0, 0.0, 0.0, 0.0, 0.0, 0.0]",0
1518447286542261672,,248,,0,0,'',,0,0,4220.1851839,-7105.3113492,38.258,"[0.0, 0.0, 0.0, 0.0, 0.0, 0.0, 0.0, 0.0, 0.0]",0
1518447286730039685,,249,,0,0,'',,0,0,4220.1851516,-7105.3114122,38.267,"[0.0, 0.0, 0.0, 0.0, 0.0, 0.0, 0.0, 0.0, 0.0]",0
1518447286943872693,,250,,0,0,'',,0,0,4220.1851203,-7105.3114572,38.288,"[0.0, 0.0, 0.0, 0.0, 0.0, 0.0, 0.0, 0.0, 0.0]",0
1518447287179577308,,251,,0,0,'',,0,0,4220.185093,-7105.3115006,38.28,"[0.0, 0.0, 0.0, 0.0, 0.0, 0.0, 0.0, 0.0, 0.0]",0
1518447287386997933,,252,,0,0,'',,0,0,4220.1850496,-7105.3115434,38.274,"[0.0, 0.0, 0.0, 0.0, 0.0, 0.0, 0.0, 0.0, 0.0]",0
1518447287525678380,,253,,0,0,'',,0,0,4220.1849995,-7105.3115976,38.278,"[0.0, 0.0, 0.0, 0.0, 0.0, 0.0, 0.0, 0.0, 0.0]",0
1518447287739710088,,254,,0,0,'',,0,0,4220.1849612,-7105.3116328,38.271,"[0.0, 0.0, 0.0, 0.0, 0.0, 0.0, 0.0, 0.0, 0.0]",0
1518447287957104749,,255,,0,0,'',,0,0,4220.1849309,-7105.3116685,38.273,"[0.0, 0.0, 0.0, 0.0, 0.0, 0.0, 0.0, 0.0, 0.0]",0
1518447288158417745,,256,,0,0,'',,0,0,4220.184903,-7105.3117009,38.259,"[0.0, 0.0, 0.0, 0.0, 0.0, 0.0, 0.0, 0.0, 0.0]",0
1518447288342334407,,257,,0,0,'',,0,0,4220.1848707,-7105.3117516,38.255,"[0.0, 0.0, 0.0, 0.0, 0.0, 0.0, 0.0, 0.0, 0.0]",0
1518447288541738900,,258,,0,0,'',,0,0,4220.1848441,-7105.3118117,38.261,"[0.0, 0.0, 0.0, 0.0, 0.0, 0.0, 0.0, 0.0, 0.0]",0
1518447288754724538,,259,,0,0,'',,0,0,4220.1848191,-7105.3118568,38.263,"[0.0, 0.0, 0.0, 0.0, 0.0, 0.0, 0.0, 0.0, 0.0]",0
1518447288964972963,,260,,0,0,'',,0,0,4220.1847965,-7105.3118995,38.249,"[0.0, 0.0, 0.0, 0.0, 0.0, 0.0, 0.0, 0.0, 0.0]",0
1518447289207799355,,261,,0,0,'',,0,0,4220.1847588,-7105.3119482,38.225,"[0.0, 0.0, 0.0, 0.0, 0.0, 0.0, 0.0, 0.0, 0.0]",0
1518447289343008229,,262,,0,0,'',,0,0,4220.1847178,-7105.3119929,38.234,"[0.0, 0.0, 0.0, 0.0, 0.0, 0.0, 0.0, 0.0, 0.0]",0
1518447289543493793,,263,,0,0,'',,0,0,4220.1846661,-7105.3120367,38.254,"[0.0, 0.0, 0.0, 0.0, 0.0, 0.0, 0.0, 0.0, 0.0]",0
1518447289739593776,,264,,0,0,'',,0,0,4220.184629,-7105.3120764,38.252,"[0.0, 0.0, 0.0, 0.0, 0.0, 0.0, 0.0, 0.0, 0.0]",0
1518447289954641938,,265,,0,0,'',,0,0,4220.184596,-7105.3121136,38.241,"[0.0, 0.0, 0.0, 0.0, 0.0, 0.0, 0.0, 0.0, 0.0]",0
1518447290134535959,,266,,0,0,'',,0,0,4220.184561,-7105.3121668,38.215,"[0.0, 0.0, 0.0, 0.0, 0.0, 0.0, 0.0, 0.0, 0.0]",0
1518447290367691580,,267,,0,0,'',,0,0,4220.1845365,-7105.31222,38.215,"[0.0, 0.0, 0.0, 0.0, 0.0, 0.0, 0.0, 0.0, 0.0]",0
1518447290558603359,,268,,0,0,'',,0,0,4220.1845064,-7105.3122666,38.221,"[0.0, 0.0, 0.0, 0.0, 0.0, 0.0, 0.0, 0.0, 0.0]",0
1518447290744428995,,269,,0,0,'',,0,0,4220.1844773,-7105.3123115,38.217,"[0.0, 0.0, 0.0, 0.0, 0.0, 0.0, 0.0, 0.0, 0.0]",0
1518447290993051865,,270,,0,0,'',,0,0,4220.184451,-7105.3123489,38.207,"[0.0, 0.0, 0.0, 0.0, 0.0, 0.0, 0.0, 0.0, 0.0]",0
1518447291152443595,,271,,0,0,'',,0,0,4220.1844225,-7105.3123855,38.198,"[0.0, 0.0, 0.0, 0.0, 0.0, 0.0, 0.0, 0.0, 0.0]",0
1518447291337577100,,272,,0,0,'',,0,0,4220.1843714,-7105.3124325,38.2,"[0.0, 0.0, 0.0, 0.0, 0.0, 0.0, 0.0, 0.0, 0.0]",0
1518447291547922990,,273,,0,0,'',,0,0,4220.1843217,-7105.3124691,38.206,"[0.0, 0.0, 0.0, 0.0, 0.0, 0.0, 0.0, 0.0, 0.0]",0
1518447291744874437,,274,,0,0,'',,0,0,4220.184296,-7105.3125016,38.193,"[0.0, 0.0, 0.0, 0.0, 0.0, 0.0, 0.0, 0.0, 0.0]",0
1518447291964310359,,275,,0,0,'',,0,0,4220.184279,-7105.3125335,38.173,"[0.0, 0.0, 0.0, 0.0, 0.0, 0.0, 0.0, 0.0, 0.0]",0
1518447292142225337,,276,,0,0,'',,0,0,4220.1842456,-7105.3125786,38.151,"[0.0, 0.0, 0.0, 0.0, 0.0, 0.0, 0.0, 0.0, 0.0]",0
1518447292339314662,,277,,0,0,'',,0,0,4220.184202,-7105.3126382,38.148,"[0.0, 0.0, 0.0, 0.0, 0.0, 0.0, 0.0, 0.0, 0.0]",0
1518447292526721132,,278,,0,0,'',,0,0,4220.1841652,-7105.3126936,38.159,"[0.0, 0.0, 0.0, 0.0, 0.0, 0.0, 0.0, 0.0, 0.0]",0
1518447292764627304,,279,,0,0,'',,0,0,4220.1841426,-7105.3127309,38.147,"[0.0, 0.0, 0.0, 0.0, 0.0, 0.0, 0.0, 0.0, 0.0]",0
1518447292962901337,,280,,0,0,'',,0,0,4220.1841131,-7105.3127635,38.152,"[0.0, 0.0, 0.0, 0.0, 0.0, 0.0, 0.0, 0.0, 0.0]",0
1518447293133708101,,281,,0,0,'',,0,0,4220.1840611,-7105.3128099,38.145,"[0.0, 0.0, 0.0, 0.0, 0.0, 0.0, 0.0, 0.0, 0.0]",0
1518447293388296717,,282,,0,0,'',,0,0,4220.1840099,-7105.3128462,38.164,"[0.0, 0.0, 0.0, 0.0, 0.0, 0.0, 0.0, 0.0, 0.0]",0
1518447293534533558,,283,,0,0,'',,0,0,4220.1839731,-7105.3128706,38.152,"[0.0, 0.0, 0.0, 0.0, 0.0, 0.0, 0.0, 0.0, 0.0]",0
1518447293743483320,,284,,0,0,'',,0,0,4220.1839568,-7105.3129005,38.139,"[0.0, 0.0, 0.0, 0.0, 0.0, 0.0, 0.0, 0.0, 0.0]",0
1518447293950195726,,285,,0,0,'',,0,0,4220.1839284,-7105.312942,38.129,"[0.0, 0.0, 0.0, 0.0, 0.0, 0.0, 0.0, 0.0, 0.0]",0
1518447294167176575,,286,,0,0,'',,0,0,4220.1839018,-7105.3129965,38.133,"[0.0, 0.0, 0.0, 0.0, 0.0, 0.0, 0.0, 0.0, 0.0]",0
1518447294352857523,,287,,0,0,'',,0,0,4220.1838761,-7105.3130573,38.143,"[0.0, 0.0, 0.0, 0.0, 0.0, 0.0, 0.0, 0.0, 0.0]",0
1518447294536772715,,288,,0,0,'',,0,0,4220.1838456,-7105.3130982,38.153,"[0.0, 0.0, 0.0, 0.0, 0.0, 0.0, 0.0, 0.0, 0.0]",0
1518447294756386458,,289,,0,0,'',,0,0,4220.1838202,-7105.31313,38.161,"[0.0, 0.0, 0.0, 0.0, 0.0, 0.0, 0.0, 0.0, 0.0]",0
1518447294944571333,,290,,0,0,'',,0,0,4220.1837856,-7105.3131686,38.142,"[0.0, 0.0, 0.0, 0.0, 0.0, 0.0, 0.0, 0.0, 0.0]",0
1518447295168159621,,291,,0,0,'',,0,0,4220.1837392,-7105.3132174,38.132,"[0.0, 0.0, 0.0, 0.0, 0.0, 0.0, 0.0, 0.0, 0.0]",0
1518447295332733593,,292,,0,0,'',,0,0,4220.1836928,-7105.3132528,38.155,"[0.0, 0.0, 0.0, 0.0, 0.0, 0.0, 0.0, 0.0, 0.0]",0
1518447295543182517,,293,,0,0,'',,0,0,4220.1836592,-7105.3132851,38.141,"[0.0, 0.0, 0.0, 0.0, 0.0, 0.0, 0.0, 0.0, 0.0]",0
1518447295735220020,,294,,0,0,'',,0,0,4220.1836321,-7105.313311,38.143,"[0.0, 0.0, 0.0, 0.0, 0.0, 0.0, 0.0, 0.0, 0.0]",0
1518447295965157721,,295,,0,0,'',,0,0,4220.1836045,-7105.3133492,38.133,"[0.0, 0.0, 0.0, 0.0, 0.0, 0.0, 0.0, 0.0, 0.0]",0
1518447296154721101,,296,,0,0,'',,0,0,4220.1835684,-7105.3134083,38.137,"[0.0, 0.0, 0.0, 0.0, 0.0, 0.0, 0.0, 0.0, 0.0]",0
1518447296377241959,,297,,0,0,'',,0,0,4220.183536,-7105.3134672,38.151,"[0.0, 0.0, 0.0, 0.0, 0.0, 0.0, 0.0, 0.0, 0.0]",0
1518447296566947256,,298,,0,0,'',,0,0,4220.1835085,-7105.3135091,38.155,"[0.0, 0.0, 0.0, 0.0, 0.0, 0.0, 0.0, 0.0, 0.0]",0
1518447296779677558,,299,,0,0,'',,0,0,4220.1834804,-7105.3135512,38.138,"[0.0, 0.0, 0.0, 0.0, 0.0, 0.0, 0.0, 0.0, 0.0]",0
1518447296952397755,,300,,0,0,'',,0,0,4220.1834413,-7105.3135988,38.107,"[0.0, 0.0, 0.0, 0.0, 0.0, 0.0, 0.0, 0.0, 0.0]",0
1518447297149069808,,301,,0,0,'',,0,0,4220.1833832,-7105.313656,38.106,"[0.0, 0.0, 0.0, 0.0, 0.0, 0.0, 0.0, 0.0, 0.0]",0
1518447297362460714,,302,,0,0,'',,0,0,4220.1833381,-7105.3136965,38.133,"[0.0, 0.0, 0.0, 0.0, 0.0, 0.0, 0.0, 0.0, 0.0]",0
1518447297637447105,,303,,0,0,'',,0,0,4220.1833003,-7105.313735,38.135,"[0.0, 0.0, 0.0, 0.0, 0.0, 0.0, 0.0, 0.0, 0.0]",0
1518447297736497801,,304,,0,0,'',,0,0,4220.1832687,-7105.3137816,38.122,"[0.0, 0.0, 0.0, 0.0, 0.0, 0.0, 0.0, 0.0, 0.0]",0
1518447297959809766,,305,,0,0,'',,0,0,4220.1832419,-7105.3138327,38.105,"[0.0, 0.0, 0.0, 0.0, 0.0, 0.0, 0.0, 0.0, 0.0]",0
1518447298141227447,,306,,0,0,'',,0,0,4220.1832136,-7105.3138914,38.106,"[0.0, 0.0, 0.0, 0.0, 0.0, 0.0, 0.0, 0.0, 0.0]",0
1518447298360201746,,307,,0,0,'',,0,0,4220.1831851,-7105.3139409,38.115,"[0.0, 0.0, 0.0, 0.0, 0.0, 0.0, 0.0, 0.0, 0.0]",0
1518447298574622737,,308,,0,0,'',,0,0,4220.183147,-7105.313983,38.113,"[0.0, 0.0, 0.0, 0.0, 0.0, 0.0, 0.0, 0.0, 0.0]",0
1518447298731786107,,309,,0,0,'',,0,0,4220.1831105,-7105.3140262,38.11,"[0.0, 0.0, 0.0, 0.0, 0.0, 0.0, 0.0, 0.0, 0.0]",0
1518447298962511382,,310,,0,0,'',,0,0,4220.1830741,-7105.3140737,38.102,"[0.0, 0.0, 0.0, 0.0, 0.0, 0.0, 0.0, 0.0, 0.0]",0
1518447299144609461,,311,,0,0,'',,0,0,4220.1830382,-7105.3141131,38.115,"[0.0, 0.0, 0.0, 0.0, 0.0, 0.0, 0.0, 0.0, 0.0]",0
1518447299367786317,,312,,0,0,'',,0,0,4220.1829967,-7105.3141522,38.115,"[0.0, 0.0, 0.0, 0.0, 0.0, 0.0, 0.0, 0.0, 0.0]",0
1518447299549670074,,313,,0,0,'',,0,0,4220.1829774,-7105.3141851,38.096,"[0.0, 0.0, 0.0, 0.0, 0.0, 0.0, 0.0, 0.0, 0.0]",0
1518447299755641050,,314,,0,0,'',,0,0,4220.1829506,-7105.3142398,38.081,"[0.0, 0.0, 0.0, 0.0, 0.0, 0.0, 0.0, 0.0, 0.0]",0
1518447299961636047,,315,,0,0,'',,0,0,4220.1829186,-7105.3142999,38.094,"[0.0, 0.0, 0.0, 0.0, 0.0, 0.0, 0.0, 0.0, 0.0]",0
1518447300153654448,,316,,0,0,'',,0,0,4220.1828901,-7105.3143655,38.089,"[0.0, 0.0, 0.0, 0.0, 0.0, 0.0, 0.0, 0.0, 0.0]",0
1518447300348504747,,317,,0,0,'',,0,0,4220.1828634,-7105.3144046,38.09,"[0.0, 0.0, 0.0, 0.0, 0.0, 0.0, 0.0, 0.0, 0.0]",0
1518447300565908041,,318,,0,0,'',,0,0,4220.1828368,-7105.3144475,38.082,"[0.0, 0.0, 0.0, 0.0, 0.0, 0.0, 0.0, 0.0, 0.0]",0
1518447300733453127,,319,,0,0,'',,0,0,4220.1827978,-7105.3144992,38.065,"[0.0, 0.0, 0.0, 0.0, 0.0, 0.0, 0.0, 0.0, 0.0]",0
1518447300946260612,,320,,0,0,'',,0,0,4220.1827546,-7105.3145488,38.082,"[0.0, 0.0, 0.0, 0.0, 0.0, 0.0, 0.0, 0.0, 0.0]",0
1518447301164629694,,321,,0,0,'',,0,0,4220.1827165,-7105.3145792,38.08,"[0.0, 0.0, 0.0, 0.0, 0.0, 0.0, 0.0, 0.0, 0.0]",0
1518447301343314854,,322,,0,0,'',,0,0,4220.182681,-7105.3145789,38.076,"[0.0, 0.0, 0.0, 0.0, 0.0, 0.0, 0.0, 0.0, 0.0]",0
1518447301540816873,,323,,0,0,'',,0,0,4220.182647,-7105.3145684,38.055,"[0.0, 0.0, 0.0, 0.0, 0.0, 0.0, 0.0, 0.0, 0.0]",0
1518447301768562041,,324,,0,0,'',,0,0,4220.1825979,-7105.3145265,38.057,"[0.0, 0.0, 0.0, 0.0, 0.0, 0.0, 0.0, 0.0, 0.0]",0
1518447302027075603,,325,,0,0,'',,0,0,4220.1825481,-7105.3144749,38.068,"[0.0, 0.0, 0.0, 0.0, 0.0, 0.0, 0.0, 0.0, 0.0]",0
1518447302155091189,,326,,0,0,'',,0,0,4220.1825288,-7105.3144258,38.07,"[0.0, 0.0, 0.0, 0.0, 0.0, 0.0, 0.0, 0.0, 0.0]",0
1518447302358000709,,327,,0,0,'',,0,0,4220.1825201,-7105.3143723,38.053,"[0.0, 0.0, 0.0, 0.0, 0.0, 0.0, 0.0, 0.0, 0.0]",0
1518447302553189604,,328,,0,0,'',,0,0,4220.182506,-7105.3143264,38.027,"[0.0, 0.0, 0.0, 0.0, 0.0, 0.0, 0.0, 0.0, 0.0]",0
1518447302788060497,,329,,0,0,'',,0,0,4220.1824707,-7105.3142623,38.028,"[0.0, 0.0, 0.0, 0.0, 0.0, 0.0, 0.0, 0.0, 0.0]",0
1518447302944766415,,330,,0,0,'',,0,0,4220.1824305,-7105.3142068,38.037,"[0.0, 0.0, 0.0, 0.0, 0.0, 0.0, 0.0, 0.0, 0.0]",0
1518447303135821287,,331,,0,0,'',,0,0,4220.1823996,-7105.3141539,38.046,"[0.0, 0.0, 0.0, 0.0, 0.0, 0.0, 0.0, 0.0, 0.0]",0
1518447303359240837,,332,,0,0,'',,0,0,4220.1823637,-7105.3141055,38.054,"[0.0, 0.0, 0.0, 0.0, 0.0, 0.0, 0.0, 0.0, 0.0]",0
1518447303555186590,,333,,0,0,'',,0,0,4220.1823271,-7105.3140573,38.04,"[0.0, 0.0, 0.0, 0.0, 0.0, 0.0, 0.0, 0.0, 0.0]",0
1518447303770265602,,334,,0,0,'',,0,0,4220.1822777,-7105.3140074,38.019,"[0.0, 0.0, 0.0, 0.0, 0.0, 0.0, 0.0, 0.0, 0.0]",0
1518447303952842810,,335,,0,0,'',,0,0,4220.182224,-7105.3139574,38.043,"[0.0, 0.0, 0.0, 0.0, 0.0, 0.0, 0.0, 0.0, 0.0]",0
1518447304154561873,,336,,0,0,'',,0,0,4220.1821846,-7105.3139014,38.038,"[0.0, 0.0, 0.0, 0.0, 0.0, 0.0, 0.0, 0.0, 0.0]",0
1518447304356511337,,337,,0,0,'',,0,0,4220.1821491,-7105.3138451,38.031,"[0.0, 0.0, 0.0, 0.0, 0.0, 0.0, 0.0, 0.0, 0.0]",0
1518447304549681928,,338,,0,0,'',,0,0,4220.1821012,-7105.3137713,38.031,"[0.0, 0.0, 0.0, 0.0, 0.0, 0.0, 0.0, 0.0, 0.0]",0
1518447304740688359,,339,,0,0,'',,0,0,4220.1820518,-7105.3136872,38.019,"[0.0, 0.0, 0.0, 0.0, 0.0, 0.0, 0.0, 0.0, 0.0]",0
1518447304936334970,,340,,0,0,'',,0,0,4220.182012,-7105.3136272,38.019,"[0.0, 0.0, 0.0, 0.0, 0.0, 0.0, 0.0, 0.0, 0.0]",0
1518447305168823957,,341,,0,0,'',,0,0,4220.1819774,-7105.3135755,38.002,"[0.0, 0.0, 0.0, 0.0, 0.0, 0.0, 0.0, 0.0, 0.0]",0
1518447305337662792,,342,,0,0,'',,0,0,4220.1819367,-7105.3135211,37.993,"[0.0, 0.0, 0.0, 0.0, 0.0, 0.0, 0.0, 0.0, 0.0]",0
1518447305552735334,,343,,0,0,'',,0,0,4220.1818867,-7105.3134626,37.995,"[0.0, 0.0, 0.0, 0.0, 0.0, 0.0, 0.0, 0.0, 0.0]",0
1518447305739550172,,344,,0,0,'',,0,0,4220.1818415,-7105.3134047,38.016,"[0.0, 0.0, 0.0, 0.0, 0.0, 0.0, 0.0, 0.0, 0.0]",0
1518447305950453029,,345,,0,0,'',,0,0,4220.1818069,-7105.3133534,38.012,"[0.0, 0.0, 0.0, 0.0, 0.0, 0.0, 0.0, 0.0, 0.0]",0
1518447306162514318,,346,,0,0,'',,0,0,4220.1817705,-7105.3132952,38.006,"[0.0, 0.0, 0.0, 0.0, 0.0, 0.0, 0.0, 0.0, 0.0]",0
1518447306352227353,,347,,0,0,'',,0,0,4220.181728,-7105.3132185,37.998,"[0.0, 0.0, 0.0, 0.0, 0.0, 0.0, 0.0, 0.0, 0.0]",0
1518447306557142430,,348,,0,0,'',,0,0,4220.181694,-7105.3131475,38.006,"[0.0, 0.0, 0.0, 0.0, 0.0, 0.0, 0.0, 0.0, 0.0]",0
1518447306743448162,,349,,0,0,'',,0,0,4220.1816653,-7105.3130912,38.008,"[0.0, 0.0, 0.0, 0.0, 0.0, 0.0, 0.0, 0.0, 0.0]",0
1518447306970089544,,350,,0,0,'',,0,0,4220.1816378,-7105.313039,38.014,"[0.0, 0.0, 0.0, 0.0, 0.0, 0.0, 0.0, 0.0, 0.0]",0
1518447307172783903,,351,,0,0,'',,0,0,4220.1816001,-7105.3129804,38.008,"[0.0, 0.0, 0.0, 0.0, 0.0, 0.0, 0.0, 0.0, 0.0]",0
1518447307353938252,,352,,0,0,'',,0,0,4220.1815481,-7105.3129243,38.016,"[0.0, 0.0, 0.0, 0.0, 0.0, 0.0, 0.0, 0.0, 0.0]",0
1518447307557782240,,353,,0,0,'',,0,0,4220.1815072,-7105.3128788,38.012,"[0.0, 0.0, 0.0, 0.0, 0.0, 0.0, 0.0, 0.0, 0.0]",0
1518447307740454119,,354,,0,0,'',,0,0,4220.1814749,-7105.3128407,38.0,"[0.0, 0.0, 0.0, 0.0, 0.0, 0.0, 0.0, 0.0, 0.0]",0
1518447307928688623,,355,,0,0,'',,0,0,4220.1814496,-7105.3127987,38.016,"[0.0, 0.0, 0.0, 0.0, 0.0, 0.0, 0.0, 0.0, 0.0]",0
1518447308148537745,,356,,0,0,'',,0,0,4220.1814145,-7105.312743,38.01,"[0.0, 0.0, 0.0, 0.0, 0.0, 0.0, 0.0, 0.0, 0.0]",0
1518447308360370366,,357,,0,0,'',,0,0,4220.1813817,-7105.3126846,38.019,"[0.0, 0.0, 0.0, 0.0, 0.0, 0.0, 0.0, 0.0, 0.0]",0
1518447308550019871,,358,,0,0,'',,0,0,4220.1813572,-7105.3126231,38.031,"[0.0, 0.0, 0.0, 0.0, 0.0, 0.0, 0.0, 0.0, 0.0]",0
1518447308743725387,,359,,0,0,'',,0,0,4220.1813253,-7105.3125794,38.002,"[0.0, 0.0, 0.0, 0.0, 0.0, 0.0, 0.0, 0.0, 0.0]",0
1518447308949764593,,360,,0,0,'',,0,0,4220.1813008,-7105.3125272,38.02,"[0.0, 0.0, 0.0, 0.0, 0.0, 0.0, 0.0, 0.0, 0.0]",0
1518447309139163944,,361,,0,0,'',,0,0,4220.1812599,-7105.3124713,38.018,"[0.0, 0.0, 0.0, 0.0, 0.0, 0.0, 0.0, 0.0, 0.0]",0
1518447309364621601,,362,,0,0,'',,0,0,4220.1812147,-7105.3124191,38.032,"[0.0, 0.0, 0.0, 0.0, 0.0, 0.0, 0.0, 0.0, 0.0]",0
1518447309562854022,,363,,0,0,'',,0,0,4220.1811823,-7105.3123761,38.03,"[0.0, 0.0, 0.0, 0.0, 0.0, 0.0, 0.0, 0.0, 0.0]",0
1518447309754849084,,364,,0,0,'',,0,0,4220.1811546,-7105.3123329,38.021,"[0.0, 0.0, 0.0, 0.0, 0.0, 0.0, 0.0, 0.0, 0.0]",0
1518447309952637347,,365,,0,0,'',,0,0,4220.1811215,-7105.3122801,38.008,"[0.0, 0.0, 0.0, 0.0, 0.0, 0.0, 0.0, 0.0, 0.0]",0
1518447310155801489,,366,,0,0,'',,0,0,4220.1810851,-7105.3122095,38.016,"[0.0, 0.0, 0.0, 0.0, 0.0, 0.0, 0.0, 0.0, 0.0]",0
1518447310344635641,,367,,0,0,'',,0,0,4220.1810541,-7105.312148,38.031,"[0.0, 0.0, 0.0, 0.0, 0.0, 0.0, 0.0, 0.0, 0.0]",0
1518447310537725227,,368,,0,0,'',,0,0,4220.1810299,-7105.3120886,38.037,"[0.0, 0.0, 0.0, 0.0, 0.0, 0.0, 0.0, 0.0, 0.0]",0
1518447310759595690,,369,,0,0,'',,0,0,4220.1809986,-7105.3120456,38.026,"[0.0, 0.0, 0.0, 0.0, 0.0, 0.0, 0.0, 0.0, 0.0]",0
1518447310935434095,,370,,0,0,'',,0,0,4220.1809569,-7105.3120003,38.007,"[0.0, 0.0, 0.0, 0.0, 0.0, 0.0, 0.0, 0.0, 0.0]",0
1518447311173027096,,371,,0,0,'',,0,0,4220.180907,-7105.3119456,38.012,"[0.0, 0.0, 0.0, 0.0, 0.0, 0.0, 0.0, 0.0, 0.0]",0
1518447311354120191,,372,,0,0,'',,0,0,4220.1808606,-7105.3118962,38.029,"[0.0, 0.0, 0.0, 0.0, 0.0, 0.0, 0.0, 0.0, 0.0]",0
1518447311530242708,,373,,0,0,'',,0,0,4220.1808278,-7105.3118593,38.02,"[0.0, 0.0, 0.0, 0.0, 0.0, 0.0, 0.0, 0.0, 0.0]",0
1518447311736246666,,374,,0,0,'',,0,0,4220.1807955,-7105.3118125,38.022,"[0.0, 0.0, 0.0, 0.0, 0.0, 0.0, 0.0, 0.0, 0.0]",0
1518447311946812893,,375,,0,0,'',,0,0,4220.180752,-7105.3117575,38.003,"[0.0, 0.0, 0.0, 0.0, 0.0, 0.0, 0.0, 0.0, 0.0]",0
1518447312145977107,,376,,0,0,'',,0,0,4220.1807178,-7105.3116891,38.005,"[0.0, 0.0, 0.0, 0.0, 0.0, 0.0, 0.0, 0.0, 0.0]",0
1518447312370017597,,377,,0,0,'',,0,0,4220.1806843,-7105.311624,38.027,"[0.0, 0.0, 0.0, 0.0, 0.0, 0.0, 0.0, 0.0, 0.0]",0
1518447312577975147,,378,,0,0,'',,0,0,4220.1806597,-7105.311579,38.025,"[0.0, 0.0, 0.0, 0.0, 0.0, 0.0, 0.0, 0.0, 0.0]",0
1518447312739101042,,379,,0,0,'',,0,0,4220.1806341,-7105.3115325,38.03,"[0.0, 0.0, 0.0, 0.0, 0.0, 0.0, 0.0, 0.0, 0.0]",0
1518447312972947121,,380,,0,0,'',,0,0,4220.1805922,-7105.3114943,38.007,"[0.0, 0.0, 0.0, 0.0, 0.0, 0.0, 0.0, 0.0, 0.0]",0
1518447313171798318,,381,,0,0,'',,0,0,4220.1805488,-7105.3114459,37.999,"[0.0, 0.0, 0.0, 0.0, 0.0, 0.0, 0.0, 0.0, 0.0]",0
1518447313337654195,,382,,0,0,'',,0,0,4220.1805107,-7105.3113957,38.03,"[0.0, 0.0, 0.0, 0.0, 0.0, 0.0, 0.0, 0.0, 0.0]",0
1518447313570137688,,383,,0,0,'',,0,0,4220.1804816,-7105.3113602,38.018,"[0.0, 0.0, 0.0, 0.0, 0.0, 0.0, 0.0, 0.0, 0.0]",0
1518447313733041527,,384,,0,0,'',,0,0,4220.1804496,-7105.3113092,38.015,"[0.0, 0.0, 0.0, 0.0, 0.0, 0.0, 0.0, 0.0, 0.0]",0
1518447313944739124,,385,,0,0,'',,0,0,4220.1804079,-7105.3112503,38.003,"[0.0, 0.0, 0.0, 0.0, 0.0, 0.0, 0.0, 0.0, 0.0]",0
1518447314167848799,,386,,0,0,'',,0,0,4220.180374,-7105.3111849,38.008,"[0.0, 0.0, 0.0, 0.0, 0.0, 0.0, 0.0, 0.0, 0.0]",0
1518447314384548339,,387,,0,0,'',,0,0,4220.180345,-7105.3111377,38.01,"[0.0, 0.0, 0.0, 0.0, 0.0, 0.0, 0.0, 0.0, 0.0]",0
1518447314547721739,,388,,0,0,'',,0,0,4220.1803138,-7105.311092,38.01,"[0.0, 0.0, 0.0, 0.0, 0.0, 0.0, 0.0, 0.0, 0.0]",0
1518447314757615063,,389,,0,0,'',,0,0,4220.1802742,-7105.3110408,37.993,"[0.0, 0.0, 0.0, 0.0, 0.0, 0.0, 0.0, 0.0, 0.0]",0
1518447314999914530,,390,,0,0,'',,0,0,4220.1802237,-7105.3109861,37.999,"[0.0, 0.0, 0.0, 0.0, 0.0, 0.0, 0.0, 0.0, 0.0]",0
1518447315156973249,,391,,0,0,'',,0,0,4220.1801762,-7105.3109332,38.013,"[0.0, 0.0, 0.0, 0.0, 0.0, 0.0, 0.0, 0.0, 0.0]",0
1518447315382744865,,392,,0,0,'',,0,0,4220.1801529,-7105.3108883,38.024,"[0.0, 0.0, 0.0, 0.0, 0.0, 0.0, 0.0, 0.0, 0.0]",0
1518447315546483269,,393,,0,0,'',,0,0,4220.180124,-7105.3108371,38.018,"[0.0, 0.0, 0.0, 0.0, 0.0, 0.0, 0.0, 0.0, 0.0]",0
1518447315754707949,,394,,0,0,'',,0,0,4220.1800887,-7105.3107785,38.01,"[0.0, 0.0, 0.0, 0.0, 0.0, 0.0, 0.0, 0.0, 0.0]",0
1518447315940138144,,395,,0,0,'',,0,0,4220.1800564,-7105.3107137,38.012,"[0.0, 0.0, 0.0, 0.0, 0.0, 0.0, 0.0, 0.0, 0.0]",0
1518447316160954871,,396,,0,0,'',,0,0,4220.1800247,-7105.3106507,38.019,"[0.0, 0.0, 0.0, 0.0, 0.0, 0.0, 0.0, 0.0, 0.0]",0
1518447316346476370,,397,,0,0,'',,0,0,4220.1799975,-7105.3105981,38.019,"[0.0, 0.0, 0.0, 0.0, 0.0, 0.0, 0.0, 0.0, 0.0]",0
1518447316580222695,,398,,0,0,'',,0,0,4220.1799621,-7105.3105509,38.003,"[0.0, 0.0, 0.0, 0.0, 0.0, 0.0, 0.0, 0.0, 0.0]",0
1518447316743796972,,399,,0,0,'',,0,0,4220.1799177,-7105.3104966,37.998,"[0.0, 0.0, 0.0, 0.0, 0.0, 0.0, 0.0, 0.0, 0.0]",0
1518447316929369212,,400,,0,0,'',,0,0,4220.1798712,-7105.3104494,38.021,"[0.0, 0.0, 0.0, 0.0, 0.0, 0.0, 0.0, 0.0, 0.0]",0
1518447317158940604,,401,,0,0,'',,0,0,4220.1798416,-7105.3104144,38.021,"[0.0, 0.0, 0.0, 0.0, 0.0, 0.0, 0.0, 0.0, 0.0]",0
1518447317342757910,,402,,0,0,'',,0,0,4220.1798071,-7105.3103771,38.019,"[0.0, 0.0, 0.0, 0.0, 0.0, 0.0, 0.0, 0.0, 0.0]",0
1518447317537912834,,403,,0,0,'',,0,0,4220.1797701,-7105.3103243,38.01,"[0.0, 0.0, 0.0, 0.0, 0.0, 0.0, 0.0, 0.0, 0.0]",0
1518447317734439563,,404,,0,0,'',,0,0,4220.1797253,-7105.310256,37.994,"[0.0, 0.0, 0.0, 0.0, 0.0, 0.0, 0.0, 0.0, 0.0]",0
1518447317960049121,,405,,0,0,'',,0,0,4220.1796795,-7105.3101912,38.008,"[0.0, 0.0, 0.0, 0.0, 0.0, 0.0, 0.0, 0.0, 0.0]",0
1518447318141090752,,406,,0,0,'',,0,0,4220.1796476,-7105.310136,38.01,"[0.0, 0.0, 0.0, 0.0, 0.0, 0.0, 0.0, 0.0, 0.0]",0
1518447318352764532,,407,,0,0,'',,0,0,4220.1796117,-7105.310081,37.998,"[0.0, 0.0, 0.0, 0.0, 0.0, 0.0, 0.0, 0.0, 0.0]",0
1518447318560511909,,408,,0,0,'',,0,0,4220.1795631,-7105.3100176,37.987,"[0.0, 0.0, 0.0, 0.0, 0.0, 0.0, 0.0, 0.0, 0.0]",0
1518447318741580252,,409,,0,0,'',,0,0,4220.1795137,-7105.3099628,37.999,"[0.0, 0.0, 0.0, 0.0, 0.0, 0.0, 0.0, 0.0, 0.0]",0
1518447318947671752,,410,,0,0,'',,0,0,4220.179472,-7105.3099176,38.001,"[0.0, 0.0, 0.0, 0.0, 0.0, 0.0, 0.0, 0.0, 0.0]",0
1518447319153303971,,411,,0,0,'',,0,0,4220.1794399,-7105.3098689,37.996,"[0.0, 0.0, 0.0, 0.0, 0.0, 0.0, 0.0, 0.0, 0.0]",0
1518447319350587241,,412,,0,0,'',,0,0,4220.1794113,-7105.3098012,37.992,"[0.0, 0.0, 0.0, 0.0, 0.0, 0.0, 0.0, 0.0, 0.0]",0
1518447319569906748,,413,,0,0,'',,0,0,4220.1793732,-7105.309719,37.997,"[0.0, 0.0, 0.0, 0.0, 0.0, 0.0, 0.0, 0.0, 0.0]",0
1518447319745063852,,414,,0,0,'',,0,0,4220.1793365,-7105.3096461,38.005,"[0.0, 0.0, 0.0, 0.0, 0.0, 0.0, 0.0, 0.0, 0.0]",0
1518447319941880723,,415,,0,0,'',,0,0,4220.1793039,-7105.3095944,37.991,"[0.0, 0.0, 0.0, 0.0, 0.0, 0.0, 0.0, 0.0, 0.0]",0
1518447320151270620,,416,,0,0,'',,0,0,4220.1792679,-7105.309537,37.993,"[0.0, 0.0, 0.0, 0.0, 0.0, 0.0, 0.0, 0.0, 0.0]",0
1518447320394848266,,417,,0,0,'',,0,0,4220.1792219,-7105.3094762,37.977,"[0.0, 0.0, 0.0, 0.0, 0.0, 0.0, 0.0, 0.0, 0.0]",0
1518447320531094934,,418,,0,0,'',,0,0,4220.1791726,-7105.3094154,37.982,"[0.0, 0.0, 0.0, 0.0, 0.0, 0.0, 0.0, 0.0, 0.0]",0
1518447320747048769,,419,,0,0,'',,0,0,4220.1791351,-7105.3093668,37.991,"[0.0, 0.0, 0.0, 0.0, 0.0, 0.0, 0.0, 0.0, 0.0]",0
1518447320943279816,,420,,0,0,'',,0,0,4220.1790979,-7105.30931,37.997,"[0.0, 0.0, 0.0, 0.0, 0.0, 0.0, 0.0, 0.0, 0.0]",0
1518447321145764831,,421,,0,0,'',,0,0,4220.1790613,-7105.3092444,37.98,"[0.0, 0.0, 0.0, 0.0, 0.0, 0.0, 0.0, 0.0, 0.0]",0
1518447321362009426,,422,,0,0,'',,0,0,4220.1790196,-7105.3091647,37.983,"[0.0, 0.0, 0.0, 0.0, 0.0, 0.0, 0.0, 0.0, 0.0]",0
1518447321563097634,,423,,0,0,'',,0,0,4220.1789836,-7105.3090947,37.99,"[0.0, 0.0, 0.0, 0.0, 0.0, 0.0, 0.0, 0.0, 0.0]",0
1518447321852489964,,424,,0,0,'',,0,0,4220.1789518,-7105.309044,37.983,"[0.0, 0.0, 0.0, 0.0, 0.0, 0.0, 0.0, 0.0, 0.0]",0
1518447321970086742,,425,,0,0,'',,0,0,4220.1789073,-7105.3089936,37.971,"[0.0, 0.0, 0.0, 0.0, 0.0, 0.0, 0.0, 0.0, 0.0]",0
1518447322185681044,,426,,0,0,'',,0,0,4220.1788512,-7105.3089354,37.973,"[0.0, 0.0, 0.0, 0.0, 0.0, 0.0, 0.0, 0.0, 0.0]",0
1518447322331528804,,427,,0,0,'',,0,0,4220.1787985,-7105.3088812,37.992,"[0.0, 0.0, 0.0, 0.0, 0.0, 0.0, 0.0, 0.0, 0.0]",0
1518447322567292873,,428,,0,0,'',,0,0,4220.1787639,-7105.3088274,37.988,"[0.0, 0.0, 0.0, 0.0, 0.0, 0.0, 0.0, 0.0, 0.0]",0
1518447322752277062,,429,,0,0,'',,0,0,4220.1787236,-7105.3087727,37.975,"[0.0, 0.0, 0.0, 0.0, 0.0, 0.0, 0.0, 0.0, 0.0]",0
1518447322940863095,,430,,0,0,'',,0,0,4220.1786756,-7105.3087018,37.964,"[0.0, 0.0, 0.0, 0.0, 0.0, 0.0, 0.0, 0.0, 0.0]",0
1518447323244285416,,431,,0,0,'',,0,0,4220.1786337,-7105.3086207,37.965,"[0.0, 0.0, 0.0, 0.0, 0.0, 0.0, 0.0, 0.0, 0.0]",0
1518447323423977881,,432,,0,0,'',,0,0,4220.1785996,-7105.3085534,37.969,"[0.0, 0.0, 0.0, 0.0, 0.0, 0.0, 0.0, 0.0, 0.0]",0
1518447323558904240,,433,,0,0,'',,0,0,4220.1785652,-7105.3084974,37.968,"[0.0, 0.0, 0.0, 0.0, 0.0, 0.0, 0.0, 0.0, 0.0]",0
1518447323750192998,,434,,0,0,'',,0,0,4220.1785249,-7105.3084411,37.961,"[0.0, 0.0, 0.0, 0.0, 0.0, 0.0, 0.0, 0.0, 0.0]",0
1518447323976108036,,435,,0,0,'',,0,0,4220.1784696,-7105.308381,37.972,"[0.0, 0.0, 0.0, 0.0, 0.0, 0.0, 0.0, 0.0, 0.0]",0
1518447324156981300,,436,,0,0,'',,0,0,4220.1784222,-7105.3083347,37.978,"[0.0, 0.0, 0.0, 0.0, 0.0, 0.0, 0.0, 0.0, 0.0]",0
1518447324390262343,,437,,0,0,'',,0,0,4220.1783873,-7105.3082851,37.965,"[0.0, 0.0, 0.0, 0.0, 0.0, 0.0, 0.0, 0.0, 0.0]",0
1518447324538133130,,438,,0,0,'',,0,0,4220.1783556,-7105.3082244,37.954,"[0.0, 0.0, 0.0, 0.0, 0.0, 0.0, 0.0, 0.0, 0.0]",0
1518447324761580080,,439,,0,0,'',,0,0,4220.1783139,-7105.3081482,37.954,"[0.0, 0.0, 0.0, 0.0, 0.0, 0.0, 0.0, 0.0, 0.0]",0
1518447324941398635,,440,,0,0,'',,0,0,4220.1782781,-7105.3080737,37.972,"[0.0, 0.0, 0.0, 0.0, 0.0, 0.0, 0.0, 0.0, 0.0]",0
1518447325163713344,,441,,0,0,'',,0,0,4220.17825,-7105.3080186,37.972,"[0.0, 0.0, 0.0, 0.0, 0.0, 0.0, 0.0, 0.0, 0.0]",0
1518447325357133291,,442,,0,0,'',,0,0,4220.1782187,-7105.3079659,37.964,"[0.0, 0.0, 0.0, 0.0, 0.0, 0.0, 0.0, 0.0, 0.0]",0
1518447325539679996,,443,,0,0,'',,0,0,4220.1781781,-7105.3079187,37.944,"[0.0, 0.0, 0.0, 0.0, 0.0, 0.0, 0.0, 0.0, 0.0]",0
1518447325743232288,,444,,0,0,'',,0,0,4220.1781256,-7105.3078533,37.963,"[0.0, 0.0, 0.0, 0.0, 0.0, 0.0, 0.0, 0.0, 0.0]",0
1518447325954852594,,445,,0,0,'',,0,0,4220.1780818,-7105.3078038,37.969,"[0.0, 0.0, 0.0, 0.0, 0.0, 0.0, 0.0, 0.0, 0.0]",0
1518447326176790912,,446,,0,0,'',,0,0,4220.1780468,-7105.3077502,37.958,"[0.0, 0.0, 0.0, 0.0, 0.0, 0.0, 0.0, 0.0, 0.0]",0
1518447326382293787,,447,,0,0,'',,0,0,4220.1780033,-7105.3076932,37.947,"[0.0, 0.0, 0.0, 0.0, 0.0, 0.0, 0.0, 0.0, 0.0]",0
1518447326533782547,,448,,0,0,'',,0,0,4220.1779553,-7105.3076213,37.935,"[0.0, 0.0, 0.0, 0.0, 0.0, 0.0, 0.0, 0.0, 0.0]",0
1518447326733825664,,449,,0,0,'',,0,0,4220.1779116,-7105.307549,37.946,"[0.0, 0.0, 0.0, 0.0, 0.0, 0.0, 0.0, 0.0, 0.0]",0
1518447326964448226,,450,,0,0,'',,0,0,4220.1778752,-7105.3074912,37.937,"[0.0, 0.0, 0.0, 0.0, 0.0, 0.0, 0.0, 0.0, 0.0]",0
1518447327156284412,,451,,0,0,'',,0,0,4220.1778422,-7105.3074288,37.933,"[0.0, 0.0, 0.0, 0.0, 0.0, 0.0, 0.0, 0.0, 0.0]",0
1518447327396840452,,452,,0,0,'',,0,0,4220.1777946,-7105.3073626,37.935,"[0.0, 0.0, 0.0, 0.0, 0.0, 0.0, 0.0, 0.0, 0.0]",0
1518447327561751630,,453,,0,0,'',,0,0,4220.1777384,-7105.3072987,37.942,"[0.0, 0.0, 0.0, 0.0, 0.0, 0.0, 0.0, 0.0, 0.0]",0
1518447327739766161,,454,,0,0,'',,0,0,4220.1776989,-7105.307246,37.927,"[0.0, 0.0, 0.0, 0.0, 0.0, 0.0, 0.0, 0.0, 0.0]",0
1518447327949340775,,455,,0,0,'',,0,0,4220.1776597,-7105.3071954,37.919,"[0.0, 0.0, 0.0, 0.0, 0.0, 0.0, 0.0, 0.0, 0.0]",0
1518447328198075211,,456,,0,0,'',,0,0,4220.1776222,-7105.3071218,37.926,"[0.0, 0.0, 0.0, 0.0, 0.0, 0.0, 0.0, 0.0, 0.0]",0
1518447328433608289,,457,,0,0,'',,0,0,4220.1775816,-7105.3070422,37.941,"[0.0, 0.0, 0.0, 0.0, 0.0, 0.0, 0.0, 0.0, 0.0]",0
1518447328550049912,,458,,0,0,'',,0,0,4220.1775437,-7105.3069834,37.951,"[0.0, 0.0, 0.0, 0.0, 0.0, 0.0, 0.0, 0.0, 0.0]",0
1518447328754277728,,459,,0,0,'',,0,0,4220.177514,-7105.3069334,37.926,"[0.0, 0.0, 0.0, 0.0, 0.0, 0.0, 0.0, 0.0, 0.0]",0
1518447328958651068,,460,,0,0,'',,0,0,4220.1774749,-7105.3068783,37.9,"[0.0, 0.0, 0.0, 0.0, 0.0, 0.0, 0.0, 0.0, 0.0]",0
1518447329145987717,,461,,0,0,'',,0,0,4220.1774278,-7105.3068069,37.921,"[0.0, 0.0, 0.0, 0.0, 0.0, 0.0, 0.0, 0.0, 0.0]",0
1518447329368199160,,462,,0,0,'',,0,0,4220.1773856,-7105.3067488,37.938,"[0.0, 0.0, 0.0, 0.0, 0.0, 0.0, 0.0, 0.0, 0.0]",0
1518447329553422745,,463,,0,0,'',,0,0,4220.1773499,-7105.3066988,37.93,"[0.0, 0.0, 0.0, 0.0, 0.0, 0.0, 0.0, 0.0, 0.0]",0
1518447329779640058,,464,,0,0,'',,0,0,4220.1773084,-7105.3066482,37.907,"[0.0, 0.0, 0.0, 0.0, 0.0, 0.0, 0.0, 0.0, 0.0]",0
1518447329939459340,,465,,0,0,'',,0,0,4220.1772514,-7105.3065819,37.899,"[0.0, 0.0, 0.0, 0.0, 0.0, 0.0, 0.0, 0.0, 0.0]",0
1518447330144336587,,466,,0,0,'',,0,0,4220.1772055,-7105.3065096,37.901,"[0.0, 0.0, 0.0, 0.0, 0.0, 0.0, 0.0, 0.0, 0.0]",0
1518447330393229388,,467,,0,0,'',,0,0,4220.1771725,-7105.3064536,37.906,"[0.0, 0.0, 0.0, 0.0, 0.0, 0.0, 0.0, 0.0, 0.0]",0
1518447330553045701,,468,,0,0,'',,0,0,4220.1771316,-7105.3063963,37.883,"[0.0, 0.0, 0.0, 0.0, 0.0, 0.0, 0.0, 0.0, 0.0]",0
1518447330772242643,,469,,0,0,'',,0,0,4220.1770811,-7105.306336,37.881,"[0.0, 0.0, 0.0, 0.0, 0.0, 0.0, 0.0, 0.0, 0.0]",0
1518447330947539149,,470,,0,0,'',,0,0,4220.1770288,-7105.3062845,37.893,"[0.0, 0.0, 0.0, 0.0, 0.0, 0.0, 0.0, 0.0, 0.0]",0
1518447331196900270,,471,,0,0,'',,0,0,4220.1769899,-7105.306233,37.899,"[0.0, 0.0, 0.0, 0.0, 0.0, 0.0, 0.0, 0.0, 0.0]",0
1518447331353189855,,472,,0,0,'',,0,0,4220.1769725,-7105.3061732,37.905,"[0.0, 0.0, 0.0, 0.0, 0.0, 0.0, 0.0, 0.0, 0.0]",0
1518447331566846006,,473,,0,0,'',,0,0,4220.1769804,-7105.3061007,37.893,"[0.0, 0.0, 0.0, 0.0, 0.0, 0.0, 0.0, 0.0, 0.0]",0
1518447331820306924,,474,,0,0,'',,0,0,4220.1770157,-7105.3060224,37.906,"[0.0, 0.0, 0.0, 0.0, 0.0, 0.0, 0.0, 0.0, 0.0]",0
1518447331975915169,,475,,0,0,'',,0,0,4220.1770673,-7105.3059872,37.904,"[0.0, 0.0, 0.0, 0.0, 0.0, 0.0, 0.0, 0.0, 0.0]",0
1518447332158396211,,476,,0,0,'',,0,0,4220.1771145,-7105.3059687,37.892,"[0.0, 0.0, 0.0, 0.0, 0.0, 0.0, 0.0, 0.0, 0.0]",0
1518447332359528842,,477,,0,0,'',,0,0,4220.1771474,-7105.3059414,37.88,"[0.0, 0.0, 0.0, 0.0, 0.0, 0.0, 0.0, 0.0, 0.0]",0
1518447332545442271,,478,,0,0,'',,0,0,4220.1771757,-7105.305881,37.884,"[0.0, 0.0, 0.0, 0.0, 0.0, 0.0, 0.0, 0.0, 0.0]",0
1518447332750415784,,479,,0,0,'',,0,0,4220.1772082,-7105.3058028,37.909,"[0.0, 0.0, 0.0, 0.0, 0.0, 0.0, 0.0, 0.0, 0.0]",0
1518447332954075511,,480,,0,0,'',,0,0,4220.1772376,-7105.3057369,37.936,"[0.0, 0.0, 0.0, 0.0, 0.0, 0.0, 0.0, 0.0, 0.0]",0
1518447333148671221,,481,,0,0,'',,0,0,4220.1772644,-7105.3056873,37.925,"[0.0, 0.0, 0.0, 0.0, 0.0, 0.0, 0.0, 0.0, 0.0]",0
1518447333351376400,,482,,0,0,'',,0,0,4220.1772965,-7105.3056362,37.915,"[0.0, 0.0, 0.0, 0.0, 0.0, 0.0, 0.0, 0.0, 0.0]",0
1518447333548521916,,483,,0,0,'',,0,0,4220.1773407,-7105.3055803,37.91,"[0.0, 0.0, 0.0, 0.0, 0.0, 0.0, 0.0, 0.0, 0.0]",0
1518447333737362959,,484,,0,0,'',,0,0,4220.1773907,-7105.3055299,37.939,"[0.0, 0.0, 0.0, 0.0, 0.0, 0.0, 0.0, 0.0, 0.0]",0
1518447333976998357,,485,,0,0,'',,0,0,4220.1774309,-7105.3054946,37.938,"[0.0, 0.0, 0.0, 0.0, 0.0, 0.0, 0.0, 0.0, 0.0]",0
1518447334143499341,,486,,0,0,'',,0,0,4220.1774695,-7105.3054555,37.937,"[0.0, 0.0, 0.0, 0.0, 0.0, 0.0, 0.0, 0.0, 0.0]",0
1518447334367760575,,487,,0,0,'',,0,0,4220.177508,-7105.3054022,37.925,"[0.0, 0.0, 0.0, 0.0, 0.0, 0.0, 0.0, 0.0, 0.0]",0
1518447334550629557,,488,,0,0,'',,0,0,4220.1775517,-7105.3053368,37.936,"[0.0, 0.0, 0.0, 0.0, 0.0, 0.0, 0.0, 0.0, 0.0]",0
1518447334759891753,,489,,0,0,'',,0,0,4220.1775928,-7105.3052713,37.945,"[0.0, 0.0, 0.0, 0.0, 0.0, 0.0, 0.0, 0.0, 0.0]",0
1518447334959257354,,490,,0,0,'',,0,0,4220.1776274,-7105.3052319,37.948,"[0.0, 0.0, 0.0, 0.0, 0.0, 0.0, 0.0, 0.0, 0.0]",0
1518447335175252705,,491,,0,0,'',,0,0,4220.1776628,-7105.3051903,37.939,"[0.0, 0.0, 0.0, 0.0, 0.0, 0.0, 0.0, 0.0, 0.0]",0
1518447335351248713,,492,,0,0,'',,0,0,4220.1777185,-7105.3051396,37.932,"[0.0, 0.0, 0.0, 0.0, 0.0, 0.0, 0.0, 0.0, 0.0]",0
1518447335568941336,,493,,0,0,'',,0,0,4220.1777787,-7105.3050799,37.939,"[0.0, 0.0, 0.0, 0.0, 0.0, 0.0, 0.0, 0.0, 0.0]",0
1518447335736821245,,494,,0,0,'',,0,0,4220.1778257,-7105.3050353,37.944,"[0.0, 0.0, 0.0, 0.0, 0.0, 0.0, 0.0, 0.0, 0.0]",0
1518447335959130339,,495,,0,0,'',,0,0,4220.1778593,-7105.3049913,37.936,"[0.0, 0.0, 0.0, 0.0, 0.0, 0.0, 0.0, 0.0, 0.0]",0
1518447336162211908,,496,,0,0,'',,0,0,4220.1779185,-7105.3049388,37.923,"[0.0, 0.0, 0.0, 0.0, 0.0, 0.0, 0.0, 0.0, 0.0]",0
1518447336361766204,,497,,0,0,'',,0,0,4220.1779664,-7105.3048696,37.901,"[0.0, 0.0, 0.0, 0.0, 0.0, 0.0, 0.0, 0.0, 0.0]",0
1518447336558857245,,498,,0,0,'',,0,0,4220.1780054,-7105.3048042,37.93,"[0.0, 0.0, 0.0, 0.0, 0.0, 0.0, 0.0, 0.0, 0.0]",0
1518447336741603309,,499,,0,0,'',,0,0,4220.178047,-7105.3047748,37.944,"[0.0, 0.0, 0.0, 0.0, 0.0, 0.0, 0.0, 0.0, 0.0]",0
1518447336963218859,,500,,0,0,'',,0,0,4220.1780864,-7105.3047312,37.941,"[0.0, 0.0, 0.0, 0.0, 0.0, 0.0, 0.0, 0.0, 0.0]",0
1518447337176402253,,501,,0,0,'',,0,0,4220.178143,-7105.3046762,37.923,"[0.0, 0.0, 0.0, 0.0, 0.0, 0.0, 0.0, 0.0, 0.0]",0
1518447337354865952,,502,,0,0,'',,0,0,4220.1782069,-7105.3046313,37.964,"[0.0, 0.0, 0.0, 0.0, 0.0, 0.0, 0.0, 0.0, 0.0]",0
1518447337555839443,,503,,0,0,'',,0,0,4220.1782367,-7105.3045907,37.958,"[0.0, 0.0, 0.0, 0.0, 0.0, 0.0, 0.0, 0.0, 0.0]",0
1518447337735828579,,504,,0,0,'',,0,0,4220.1782759,-7105.3045559,37.961,"[0.0, 0.0, 0.0, 0.0, 0.0, 0.0, 0.0, 0.0, 0.0]",0
1518447337943120444,,505,,0,0,'',,0,0,4220.1783164,-7105.3044918,37.923,"[0.0, 0.0, 0.0, 0.0, 0.0, 0.0, 0.0, 0.0, 0.0]",0
1518447338157400560,,506,,0,0,'',,0,0,4220.1783665,-7105.304419,37.946,"[0.0, 0.0, 0.0, 0.0, 0.0, 0.0, 0.0, 0.0, 0.0]",0
1518447338361001143,,507,,0,0,'',,0,0,4220.1784159,-7105.3043513,37.981,"[0.0, 0.0, 0.0, 0.0, 0.0, 0.0, 0.0, 0.0, 0.0]",0
1518447338542923699,,508,,0,0,'',,0,0,4220.1784427,-7105.3043003,37.98,"[0.0, 0.0, 0.0, 0.0, 0.0, 0.0, 0.0, 0.0, 0.0]",0
1518447338739716080,,509,,0,0,'',,0,0,4220.1784899,-7105.3042451,37.967,"[0.0, 0.0, 0.0, 0.0, 0.0, 0.0, 0.0, 0.0, 0.0]",0
1518447338958691587,,510,,0,0,'',,0,0,4220.1785412,-7105.3041809,37.956,"[0.0, 0.0, 0.0, 0.0, 0.0, 0.0, 0.0, 0.0, 0.0]",0
1518447339149692798,,511,,0,0,'',,0,0,4220.1785977,-7105.3041172,37.984,"[0.0, 0.0, 0.0, 0.0, 0.0, 0.0, 0.0, 0.0, 0.0]",0
1518447339358201196,,512,,0,0,'',,0,0,4220.1786558,-7105.3040701,38.005,"[0.0, 0.0, 0.0, 0.0, 0.0, 0.0, 0.0, 0.0, 0.0]",0
1518447339561835994,,513,,0,0,'',,0,0,4220.1787021,-7105.3040199,37.991,"[0.0, 0.0, 0.0, 0.0, 0.0, 0.0, 0.0, 0.0, 0.0]",0
1518447339735343189,,514,,0,0,'',,0,0,4220.1787507,-7105.3039536,37.967,"[0.0, 0.0, 0.0, 0.0, 0.0, 0.0, 0.0, 0.0, 0.0]",0
1518447339958578278,,515,,0,0,'',,0,0,4220.1788026,-7105.3038845,38.002,"[0.0, 0.0, 0.0, 0.0, 0.0, 0.0, 0.0, 0.0, 0.0]",0
1518447340179200026,,516,,0,0,'',,0,0,4220.1788535,-7105.3038249,38.042,"[0.0, 0.0, 0.0, 0.0, 0.0, 0.0, 0.0, 0.0, 0.0]",0
1518447340331323445,,517,,0,0,'',,0,0,4220.1788984,-7105.3037778,38.03,"[0.0, 0.0, 0.0, 0.0, 0.0, 0.0, 0.0, 0.0, 0.0]",0
1518447340549258278,,518,,0,0,'',,0,0,4220.1789505,-7105.3037134,38.006,"[0.0, 0.0, 0.0, 0.0, 0.0, 0.0, 0.0, 0.0, 0.0]",0
1518447340743931993,,519,,0,0,'',,0,0,4220.1790186,-7105.3036473,38.015,"[0.0, 0.0, 0.0, 0.0, 0.0, 0.0, 0.0, 0.0, 0.0]",0
1518447340934229924,,520,,0,0,'',,0,0,4220.1790675,-7105.3035947,38.038,"[0.0, 0.0, 0.0, 0.0, 0.0, 0.0, 0.0, 0.0, 0.0]",0
1518447341166222985,,521,,0,0,'',,0,0,4220.1791148,-7105.303549,38.042,"[0.0, 0.0, 0.0, 0.0, 0.0, 0.0, 0.0, 0.0, 0.0]",0
1518447341361534647,,522,,0,0,'',,0,0,4220.1791533,-7105.3034936,38.02,"[0.0, 0.0, 0.0, 0.0, 0.0, 0.0, 0.0, 0.0, 0.0]",0
1518447341535489765,,523,,0,0,'',,0,0,4220.1792061,-7105.3034313,38.022,"[0.0, 0.0, 0.0, 0.0, 0.0, 0.0, 0.0, 0.0, 0.0]",0
1518447341738906960,,524,,0,0,'',,0,0,4220.1792583,-7105.3033639,38.054,"[0.0, 0.0, 0.0, 0.0, 0.0, 0.0, 0.0, 0.0, 0.0]",0
1518447341957531964,,525,,0,0,'',,0,0,4220.1792909,-7105.3033207,38.061,"[0.0, 0.0, 0.0, 0.0, 0.0, 0.0, 0.0, 0.0, 0.0]",0
1518447342130692838,,526,,0,0,'',,0,0,4220.1793259,-7105.3032737,38.044,"[0.0, 0.0, 0.0, 0.0, 0.0, 0.0, 0.0, 0.0, 0.0]",0
1518447342400171631,,527,,0,0,'',,0,0,4220.1793718,-7105.303215,38.042,"[0.0, 0.0, 0.0, 0.0, 0.0, 0.0, 0.0, 0.0, 0.0]",0
1518447342551984064,,528,,0,0,'',,0,0,4220.179429,-7105.3031564,38.064,"[0.0, 0.0, 0.0, 0.0, 0.0, 0.0, 0.0, 0.0, 0.0]",0
1518447342740382765,,529,,0,0,'',,0,0,4220.1794788,-7105.3030996,38.085,"[0.0, 0.0, 0.0, 0.0, 0.0, 0.0, 0.0, 0.0, 0.0]",0
1518447342948824839,,530,,0,0,'',,0,0,4220.1795102,-7105.303054,38.081,"[0.0, 0.0, 0.0, 0.0, 0.0, 0.0, 0.0, 0.0, 0.0]",0
1518447343174145569,,531,,0,0,'',,0,0,4220.1795463,-7105.302994,38.063,"[0.0, 0.0, 0.0, 0.0, 0.0, 0.0, 0.0, 0.0, 0.0]",0
1518447343361160083,,532,,0,0,'',,0,0,4220.1795875,-7105.3029218,38.074,"[0.0, 0.0, 0.0, 0.0, 0.0, 0.0, 0.0, 0.0, 0.0]",0
1518447343550958902,,533,,0,0,'',,0,0,4220.1796238,-7105.3028526,38.111,"[0.0, 0.0, 0.0, 0.0, 0.0, 0.0, 0.0, 0.0, 0.0]",0
1518447343731481722,,534,,0,0,'',,0,0,4220.1796527,-7105.3028035,38.119,"[0.0, 0.0, 0.0, 0.0, 0.0, 0.0, 0.0, 0.0, 0.0]",0
1518447343944281758,,535,,0,0,'',,0,0,4220.1796762,-7105.3027583,38.11,"[0.0, 0.0, 0.0, 0.0, 0.0, 0.0, 0.0, 0.0, 0.0]",0
1518447344165742299,,536,,0,0,'',,0,0,4220.1797088,-7105.3027013,38.076,"[0.0, 0.0, 0.0, 0.0, 0.0, 0.0, 0.0, 0.0, 0.0]",0
1518447344357799337,,537,,0,0,'',,0,0,4220.1797496,-7105.3026341,38.088,"[0.0, 0.0, 0.0, 0.0, 0.0, 0.0, 0.0, 0.0, 0.0]",0
1518447344545532533,,538,,0,0,'',,0,0,4220.1797855,-7105.3025928,38.099,"[0.0, 0.0, 0.0, 0.0, 0.0, 0.0, 0.0, 0.0, 0.0]",0
1518447344733158389,,539,,0,0,'',,0,0,4220.1798089,-7105.3025588,38.095,"[0.0, 0.0, 0.0, 0.0, 0.0, 0.0, 0.0, 0.0, 0.0]",0
1518447344943714073,,540,,0,0,'',,0,0,4220.1798255,-7105.3025176,38.087,"[0.0, 0.0, 0.0, 0.0, 0.0, 0.0, 0.0, 0.0, 0.0]",0
1518447345160222248,,541,,0,0,'',,0,0,4220.1798401,-7105.3024737,38.078,"[0.0, 0.0, 0.0, 0.0, 0.0, 0.0, 0.0, 0.0, 0.0]",0
1518447345345436289,,542,,0,0,'',,0,0,4220.1798358,-7105.30244,38.076,"[0.0, 0.0, 0.0, 0.0, 0.0, 0.0, 0.0, 0.0, 0.0]",0
1518447345557733022,,543,,0,0,'',,0,0,4220.1798242,-7105.3024092,38.08,"[0.0, 0.0, 0.0, 0.0, 0.0, 0.0, 0.0, 0.0, 0.0]",0
1518447345748410347,,544,,0,0,'',,0,0,4220.1798199,-7105.3023846,38.081,"[0.0, 0.0, 0.0, 0.0, 0.0, 0.0, 0.0, 0.0, 0.0]",0
1518447345951329524,,545,,0,0,'',,0,0,4220.1798224,-7105.3023716,38.082,"[0.0, 0.0, 0.0, 0.0, 0.0, 0.0, 0.0, 0.0, 0.0]",0
1518447346165242173,,546,,0,0,'',,0,0,4220.1798263,-7105.3023627,38.081,"[0.0, 0.0, 0.0, 0.0, 0.0, 0.0, 0.0, 0.0, 0.0]",0
1518447346336365330,,547,,0,0,'',,0,0,4220.179828,-7105.302357,38.079,"[0.0, 0.0, 0.0, 0.0, 0.0, 0.0, 0.0, 0.0, 0.0]",0
1518447346548056271,,548,,0,0,'',,0,0,4220.1798333,-7105.3023552,38.073,"[0.0, 0.0, 0.0, 0.0, 0.0, 0.0, 0.0, 0.0, 0.0]",0
1518447346737619545,,549,,0,0,'',,0,0,4220.1798328,-7105.3023496,38.077,"[0.0, 0.0, 0.0, 0.0, 0.0, 0.0, 0.0, 0.0, 0.0]",0
1518447346931182206,,550,,0,0,'',,0,0,4220.1798298,-7105.3023484,38.065,"[0.0, 0.0, 0.0, 0.0, 0.0, 0.0, 0.0, 0.0, 0.0]",0
